"Rank","Player Id","Player GSIS","Player College GSIS","Player Sportradar Id","Name","Team","#","POS","SNAPS","GAMES","TOT TKL","MT","PBU","INT","CTGT"
"","71370","","394992","","Domani Jackson","ALABAMA","01","CB","347","10","35","1","1","0","19"
"","72089","","382704","","DJ Harvey","USC","02","CB","90","6","4","1","1","0","12"
"","85725","","412246","","Jayden Dunlap","BYU","29","CB","83","7","2","1","0","0","5"
"","86877","","364258","","Ceyair Wright","NEBRASKA","01","CB","513","10","25","6","4","0","37"
"","90524","","400152","","Chance Tucker","NOTRE DAME","18","CB","22","3","0","0","0","0","0"
"","97886","","340893","","Mark Davis","VANDERBILT","17","CB","202","9","19","7","2","0","14"
"","99280","","349289","","Logan Wilson","CINCINNATI","07","CB","451","9","35","5","6","0","36"
"","101808","","330606","","Marlon Jones","VANDERBILT","00","CB","103","6","5","0","0","0","13"
"","121523","","347921","","Kenneth Harris","OKLA STATE","23","CB","565","10","27","14","6","0","51"
"","121668","","347715","","Channing Canada","TCU","07","CB","508","10","27","5","2","0","34"
"","121669","","347716","","Isaiah Cash","VA TECH","18","CB","397","10","33","3","1","1","40"
"","121780","","347942","","Devonte Golden-Nelson","W VIRGINIA","02","CB","8","2","1","0","0","0","1"
"","122103","","351554","","Rodney Johnson","LOUISVILLE","07","CB","38","5","0","1","0","0","4"
"","122146","","348205","","Fred Davis II","NWESTERN","02","CB","519","10","32","3","4","0","37"
"","122274","","351731","","A.J. McCarty","TEXAS TECH","01","CB","214","11","14","5","0","0","17"
"","122574","","348340","","Karon Prunty","WAKE","03","CB","612","10","32","4","6","1","44"
"","122629","","348256","","Caleb Anderson","MICHIGAN","13","CB","46","4","3","1","0","0","3"
"","122837","","348155","","Tony Grimes","PURDUE","00","CB","622","10","33","8","3","0","43"
"","122924","","348032","","Joshua Eaton","MICH STATE","07","CB","366","10","19","10","2","0","20"
"","122926","","350514","","DJ Graham II","KANSAS","07","CB","404","9","25","7","2","0","34"
"","123003","","348045","","Rashad Battle","PITTSBURGH","15","CB","330","8","40","3","3","0","40"
"","123015","","348072","","Buddy Mack III","S CAROLINA","11","CB","11","1","2","0","0","0","2"
"","123089","","351460","","Jai'Onte' McMillan","MINNESOTA","24","CB","274","9","15","1","1","0","21"
"","123745","","367681","","Jaiden Francois","DUKE","02","CB","507","10","48","7","1","0","29"
"","124304","","362929","","William Wright","TENNESSEE","00","CB","159","8","5","0","0","1","5"
"","124379","","352295","","Avery Helm","TCU","24","CB","70","3","5","0","1","0","12"
"","126328","","416049","","Maurion Horn","TEXAS TECH","04","CB","108","7","3","1","0","0","8"
"","127409","","395311","","Jayden Rowe","KANSAS ST","01","CB","12","2","0","1","0","0","1"
"","128013","","377241","","JK Johnson","OKLA STATE","01","CB","236","7","16","1","3","0","14"
"","128036","","406072","","Christian Gray","NOTRE DAME","06","CB","530","8","19","3","8","2","61"
"","129699","","350223","","Tamon Lynum","PITTSBURGH","08","CB","205","7","23","0","1","1","9"
"","129752","","371853","","Cameron Martinez","BOSTON COL","29","CB","116","4","8","3","0","0","10"
"","131462","","391385","","Preston Hodge","COLORADO","04","CB","709","10","38","8","6","1","65"
"","131596","","351646","","Treydan Stukes","ARIZONA","02","CB","472","8","41","5","5","2","30"
"","131899","","381093","","Elijah Jackson","TCU","25","CB","3","1","1","0","0","0","0"
"","139049","","352636","","Ivan Yates","COLORADO","29","CB","266","5","13","5","2","1","25"
"","141336","","368990","","Caleb Brown","VA TECH","17","CB","55","3","2","1","0","0","5"
"","142301","","353337","","Shakur Smalls","ARKANSAS","19","CB","157","10","14","1","4","0","16"
"","143957","","367711","","Dontae Balfour","TEXAS TECH","20","CB","302","10","16","1","6","0","25"
"","143972","","367713","","Dontavius Nash","MICH STATE","28","CB","154","6","13","3","2","0","18"
"","144177","","359857","","Kani Walker","ARKANSAS","13","CB","556","9","42","4","6","1","47"
"","144195","","366059","","DaShawn Jones","ALABAMA","07","CB","224","9","13","1","1","1","21"
"","144240","","366848","","Bryon Threats","UCLA","23","CB","32","5","3","0","0","0","2"
"","144405","","360255","","Jadon Canady","OREGON","22","CB","308","10","28","2","4","0","26"
"","144524","","385054","","Tevin Williams III","BAYLOR","27","CB","271","8","18","2","3","0","22"
"","144639","","362069","","Latrell McCutchin Sr.","HOUSTON","01","CB","608","10","49","7","7","0","41"
"","144659","","386205","","Kale Smith","OKLA STATE","10","CB","293","6","21","4","1","1","22"
"","144672","","383576","","Cam Smith","OKLA STATE","03","CB","464","10","31","3","3","0","32"
"","144814","","368436","","Tyler Strain","ILLINOIS","20","CB","123","6","9","2","1","0","9"
"","144956","","366293","","Charles Brantley","MIAMI FL","19","CB","31","3","2","0","0","0","2"
"","144961","","393323","","Khalil Majeed","MICH STATE","34","CB","37","4","2","1","0","0","4"
"","145045","","381654","","Theran Johnson","OREGON","05","CB","252","8","10","2","2","0","20"
"","145051","","360826","","Ore Adeyi","NWESTERN","07","CB","226","8","13","3","2","1","18"
"","145068","","359809","","Jantzen Dunn","KENTUCKY","10","CB","108","8","8","1","0","0","7"
"","145129","","361944","","Al-Shadee Salaam","RUTGERS","21","CB","133","7","11","1","1","0","12"
"","145161","","386690","","Owen Arnett","WISCONSIN","18","CB","7","1","0","0","0","0","1"
"","145169","","368458","","Ricardo Hallman","WISCONSIN","02","CB","590","10","28","9","4","2","44"
"","145889","","362695","","Torrie Cox Jr.","ILLINOIS","05","CB","522","10","38","9","3","0","60"
"","146043","","383951","","Julian Neal","ARKANSAS","23","CB","638","10","49","3","8","2","53"
"","146255","","362997","","Isaiah Taylor","MIAMI FL","28","CB","70","6","8","2","0","0","2"
"","146551","","360896","","Jaylin Davies","OKLA STATE","02","CB","10","1","1","0","0","0","0"
"","146607","","381512","","DeVonta Smith","NOTRE DAME","00","CB","214","6","12","2","2","0","18"
"","146674","","394639","","Ahmari Harvey","GA TECH","03","CB","333","7","22","3","4","0","24"
"","146705","","371857","","Jordan Young","ARKANSAS","04","CB","389","10","25","6","4","1","42"
"","146720","","366878","","Nyland Green","ARIZONA ST","15","CB","53","3","2","0","0","0","3"
"","146827","","361438","","Kyndrich Breedlove","ARIZONA ST","05","CB","466","10","30","8","3","0","35"
"","146885","","359821","","Daylan Carnell","MISSOURI","13","CB","441","10","30","6","1","1","33"
"","146989","","362765","","Tyreek Chappell","TEXAS A&M","07","CB","488","10","31","6","3","0","47"
"","146998","","377672","","Deuce Harmon","SMU","07","CB","606","10","31","1","7","0","39"
"","147007","","380032","","Drey Norwood","MISSOURI","12","CB","387","10","18","2","3","0","24"
"","147169","","407488","","Justin Agu","LOUISVILLE","13","CB","62","7","3","0","0","0","5"
"","147394","","368496","","Malcolm Bell","MICH STATE","14","CB","582","10","39","11","4","0","26"
"","148211","","377752","","Shahid Barros","IOWA","05","CB","20","2","0","0","0","0","1"
"","148570","","385453","","Ayden Garnes","ARIZONA","09","CB","506","10","28","10","4","1","37"
"","148854","","393262","","Jordan Washington","STANFORD","10","CB","122","7","11","1","1","0","11"
"","150691","","385469","","Wrook Brown","HOUSTON","24","CB","357","10","40","0","0","1","23"
"","150703","","362291","","Kolbey Taylor","VANDERBILT","03","CB","370","10","16","6","3","0","29"
"","156221","","386318","","Amari Jackson","BOSTON COL","24","CB","112","3","7","2","2","0","15"
"","156245","","388506","","Toriano Pride Jr.","MISSOURI","02","CB","410","10","22","1","2","2","40"
"","156246","","388497","","Sherrod Covil","VA TECH","07","CB","21","2","0","0","0","0","2"
"","156247","","388503","","Jeadyn Lukus","CLEMSON","10","CB","141","6","10","1","0","0","10"
"","156257","","386186","","Chandler Rivers","DUKE","00","CB","653","10","41","10","6","2","46"
"","156300","","388511","","Rodney Shelley","GA TECH","06","CB","296","8","27","2","2","1","27"
"","156360","","386003","","Ryland Gandy","INDIANA","10","CB","112","7","8","0","0","0","9"
"","156408","","391933","","Jamari Sharpe","INDIANA","22","CB","551","11","29","3","4","0","34"
"","156441","","386310","","TJ Hall","IOWA","02","CB","537","10","43","1","6","1","54"
"","156442","","406805","","Deshaun Lee","IOWA","08","CB","441","10","34","5","4","2","47"
"","156484","","391415","","Jyaire Brown","UCF","15","CB","156","6","5","3","1","0","7"
"","156485","","393508","","Ryan Turner","PURDUE","12","CB","94","6","11","3","1","0","6"
"","156487","","391423","","Kye Stokes","CINCINNATI","03","CB","18","3","1","1","0","0","1"
"","156555","","386026","","Hezekiah Masses","CAL","05","CB","666","10","39","8","10","6","61"
"","156676","","387082","","Matthew McDoom","CINCINNATI","00","CB","580","10","39","6","4","2","54"
"","156723","","386832","","Brent Austin","CAL","04","CB","626","10","34","3","12","0","45"
"","156809","","386353","","Jacobie Henderson","RUTGERS","10","CB","481","10","29","3","2","0","48"
"","156874","","400877","","Nasir Pogue","MISSOURI","31","CB","6","1","1","0","0","0","0"
"","156984","","407192","","Jayden Bellamy","UCF","29","CB","555","10","28","3","6","1","53"
"","157039","","386886","","JD Rhym","HOUSTON","03","CB","10","1","0","1","0","0","0"
"","157079","","386678","","Daylen Everette","GEORGIA","06","CB","542","9","40","4","5","0","49"
"","157116","","388783","","Jaelyn Davis-Robinson","SMU","13","CB","261","6","21","7","3","2","32"
"","157129","","385907","","Davison Igbinosun","OHIO STATE","01","CB","446","10","34","4","5","0","38"
"","157143","","387281","","DeCarlos Nicholson","USC","17","CB","463","10","38","1","4","1","49"
"","157256","","386756","","Jahlil Florence","OREGON","06","CB","19","1","0","0","0","0","0"
"","157276","","398471","","Collin Wright","STANFORD","06","CB","437","8","31","3","2","1","40"
"","157300","","385945","","Kyron Chambers","SMU","12","CB","321","9","22","3","2","0","31"
"","157307","","387209","","Jaylon Guilbeau","TEXAS","03","CB","525","10","38","9","1","1","49"
"","157406","","401499","","Jackson Vick","NC STATE","22","CB","445","7","29","11","2","0","47"
"","157447","","391686","","Isaiah Brown-Murray","VA TECH","09","CB","544","10","36","4","2","1","36"
"","157528","","406226","","Jamare Glasker","MARYLAND","14","CB","486","8","30","4","3","3","44"
"","157530","","386162","","Zamari Stevenson","WAKE","17","CB","138","9","13","2","0","1","15"
"","157583","","407680","","Jontez Williams","IOWA STATE","03","CB","202","5","16","0","1","1","15"
"","157603","","398998","","Myles Norwood","S CAROLINA","03","CB","242","8","19","3","0","0","21"
"","157608","","387483","","Jeremiah Cooper","IOWA STATE","04","CB","191","4","8","2","3","1","15"
"","157650","","395319","","Mansoor Delane","LSU","04","CB","556","10","43","5","9","2","34"
"","157751","","387003","","Devin Moore","FLORIDA","28","CB","508","10","35","4","3","2","27"
"","157809","","385814","","Cameron Epps","OKLA STATE","07","CB","1","1","0","0","0","0","0"
"","157849","","386223","","Michael Dansby","ARIZONA","25","CB","330","9","12","4","5","1","29"
"","158059","","394651","","Amariyun Knighten","INDIANA","23","CB","20","2","2","0","0","0","0"
"","158084","","386753","","Gentry Williams","OKLAHOMA","09","CB","178","6","12","2","1","0","11"
"","158225","","391534","","Tyson Rooks","ILLINOIS","19","CB","62","6","4","0","1","0","6"
"","158226","","391538","","Xavier Scott","ILLINOIS","14","CB","151","3","7","0","2","0","14"
"","158296","","400301","","Greg Delaine","SYRACUSE","32","CB","112","9","7","1","0","0","8"
"","158310","","386949","","Jerry Wilson","FLORIDA ST","19","CB","570","10","34","12","2","3","51"
"","158329","","407863","","Cam Sidney","CAL","20","CB","469","10","40","10","1","1","26"
"","158364","","386972","","Marc Stampley II","HOUSTON","22","CB","260","10","29","3","2","1","25"
"","158399","","391613","","Dillon Tatum","NWESTERN","08","CB","91","8","12","0","1","0","8"
"","158403","","395975","","Ade Willie","MICH STATE","06","CB","137","4","12","3","1","0","11"
"","158424","","412484","","Rayshawn Pleasant","AUBURN","14","CB","250","9","20","0","1","2","27"
"","158439","","385942","","Ja'Cari Henderson","UCF","01","CB","91","6","5","1","0","0","2"
"","158479","","391435","","Elijah Davis","UTAH","09","CB","521","10","33","4","1","1","48"
"","158522","","387192","","Javan Robinson","ARIZONA ST","12","CB","506","10","30","1","6","0","42"
"","158552","","386786","","Reggie Bush II","BAYLOR","22","CB","234","8","9","2","1","0","5"
"","158614","","406431","","Thaddeus Dixon","N CAROLINA","01","CB","275","5","14","3","3","0","16"
"","158649","","397525","","Marquis Groves-Killebrew","ARIZONA","05","CB","148","6","9","1","0","0","11"
"","158719","","391866","","Tacario Davis","WASHINGTON","08","CB","421","7","19","1","4","4","36"
"","158740","","391871","","Ephesians Prysock","WASHINGTON","07","CB","649","10","38","5","5","1","62"
"","158931","","395636","","Don Saunders","UTAH","04","CB","130","5","5","3","1","0","16"
"","158932","","386247","","Jay'Vion Cole","ARIZONA","08","CB","326","9","23","6","2","4","28"
"","158982","","391890","","Ormanie Arnold","CINCINNATI","08","CB","201","8","16","2","2","0","17"
"","159609","","386156","","NiJhay Burt","MICH STATE","00","CB","11","2","0","0","0","0","0"
"","159892","","392442","","Jason Chambers","W VIRGINIA","23","CB","575","11","34","4","3","1","36"
"","160395","","388684","","Jayven Williams","MISS STATE","15","CB","271","11","15","3","2","1","11"
"","160445","","387428","","Devon Marshall","NC STATE","06","CB","529","10","29","3","6","0","49"
"","160755","","391958","","Tayvion Beasley","BYU","15","CB","228","9","9","3","2","0","12"
"","161375","","391930","","Syeed Gibbs","KANSAS","22","CB","253","7","13","5","2","0","22"
"","161488","","408223","","Tre Bell","IOWA STATE","07","CB","534","10","36","6","1","2","42"
"","161658","","408185","","Zelmar Vedder","HOUSTON","21","CB","333","10","18","5","7","0","29"
"","162115","","387576","","Jamel Johnson","NC STATE","21","CB","458","10","31","6","4","0","41"
"","162483","","395966","","Tristan Dunn","CAL","22","CB","3","1","1","1","0","0","1"
"","162519","","400037","","DJ Bell","UCF","05","CB","246","9","12","2","2","0","21"
"","162662","","398987","","Isaiah Farris","BOSTON COL","16","CB","532","11","37","7","6","1","48"
"","162705","","412257","","George Wright","DUKE","32","CB","6","3","1","0","0","0","1"
"","162712","","443964","","Ben Hollerbach","GA TECH","26","CB","6","1","0","1","0","0","0"
"","162733","","412478","","Chris Graves Jr.","OLE MISS","32","CB","482","11","19","5","1","0","29"
"","162743","","385600","","Marcus Allen","N CAROLINA","29","CB","591","10","32","8","8","1","60"
"","162754","","407515","","Tayon Holloway","LOUISVILLE","25","CB","616","10","40","5","2","0","40"
"","162810","","393388","","Zeke Berry","MICHIGAN","10","CB","399","8","21","4","8","1","44"
"","162851","","406820","","Evan Smith","NWESTERN","12","CB","82","5","5","0","1","0","5"
"","162854","","400343","","Braden Turner","NWESTERN","09","CB","446","10","37","8","1","1","31"
"","163030","","398488","","Amier Boyd","TEXAS TECH","27","CB","366","10","19","3","2","1","39"
"","163211","","387142","","Donavon Platt","VIRGINIA","28","CB","499","11","30","5","3","1","45"
"","163250","","395551","","Evan Johnson","BYU","00","CB","580","10","31","8","4","3","55"
"","163293","","398467","","Zach Grisham","OREGON","24","CB","61","6","7","0","0","0","2"
"","163547","","387261","","Ricky Fletcher","OLE MISS","09","CB","247","9","10","0","0","0","15"
"","163598","","393247","","Antonio Kite","OLE MISS","08","CB","541","9","29","2","3","1","40"
"","163641","","448231","","Landon Phipps","ARKANSAS","32","CB","2","1","0","0","0","0","0"
"","163644","","386892","","Keionte Scott","MIAMI FL","00","CB","504","9","46","10","4","1","37"
"","163676","","412010","","Audavion Collins","PENN STATE","02","CB","407","10","43","5","1","0","27"
"","163724","","385480","","Jadais Richard","MIAMI FL","25","CB","17","2","3","2","0","0","0"
"","163742","","391288","","Julio Humphrey","TEXAS A&M","06","CB","106","9","8","0","0","0","5"
"","163751","","391291","","Jaheim Singletary","ARKANSAS","15","CB","189","8","12","1","1","0","14"
"","163791","","364662","","Jordan Robinson","VIRGINIA","09","CB","381","11","27","3","4","0","32"
"","163824","","386023","","DJ McKinney","COLORADO","08","CB","597","9","36","9","4","1","34"
"","163962","","388623","","Jabari Mack","LOUISVILLE","04","CB","637","10","27","2","2","2","42"
"","164132","","386685","","Jonquis Hardaway","KENTUCKY","06","CB","617","10","47","3","3","1","47"
"","164178","","391434","","Cam Miller","RUTGERS","07","CB","541","10","39","5","6","1","57"
"","164318","","387579","","Ashaad Williams","WAKE","13","CB","77","3","6","0","1","0","10"
"","165205","","397841","","Caldra Williford","BAYLOR","18","CB","298","9","23","3","3","0","26"
"","168412","","387702","","Blake Cotton","UTAH","16","CB","505","10","22","3","4","0","47"
"","168425","","386362","","D'Yoni Hill","WISCONSIN","05","CB","269","7","32","3","0","0","19"
"","168565","","386486","","Mory Bamba","BYU","04","CB","292","10","21","4","2","0","32"
"","169935","","407826","","DeAgo Brumfield","MISS STATE","04","CB","540","11","29","5","3","1","39"
"","169958","","431981","","Traveon Wright","PURDUE","17","CB","92","2","6","3","2","0","5"
"","170014","","416176","","Misun Kelley","CLEMSON","25","CB","226","9","16","1","0","0","18"
"","170015","","407362","","Shelton Lewis","CLEMSON","02","CB","49","3","8","1","0","0","10"
"","170028","","412114","","Branden Strozier","CLEMSON","01","CB","169","9","5","4","1","0","10"
"","170031","","407373","","Avieon Terrell","CLEMSON","08","CB","615","10","46","5","6","0","54"
"","170053","","412226","","Moussa Kane","DUKE","22","CB","106","8","13","2","0","2","15"
"","170058","","412228","","Kimari Robinson","DUKE","05","CB","362","8","27","5","2","0","27"
"","170162","","415832","","Zach Lutmer","IOWA","06","CB","536","10","57","10","5","2","45"
"","170167","","421166","","Alex Mota","IOWA","14","CB","16","3","1","0","0","0","0"
"","170169","","415835","","John Nestor","MINNESOTA","17","CB","484","9","42","10","5","3","54"
"","170207","","407263","","Kevis Thomas","KENTUCKY","19","CB","50","5","0","1","0","0","3"
"","170220","","426509","","Jeremiah Charles","NEBRASKA","25","CB","37","3","2","1","0","0","2"
"","170257","","408112","","Jermaine Mathews Jr.","OHIO STATE","07","CB","477","10","17","4","3","2","30"
"","170270","","424545","","Calvin Simpson-Hunt","BAYLOR","28","CB","49","3","2","0","0","0","1"
"","170303","","406730","","Elliot Washington II","PENN STATE","09","CB","246","10","15","2","3","1","20"
"","170313","","427728","","Bo Mascoe","RUTGERS","03","CB","471","10","38","4","2","1","33"
"","170342","","407484","","Quindarrius Jones","FLORIDA ST","16","CB","70","4","8","0","1","0","10"
"","170353","","412589","","Ja'Bril Rawls","FLORIDA ST","11","CB","374","7","41","7","2","1","24"
"","170368","","406245","","Brandon Cisse","S CAROLINA","15","CB","416","10","27","5","6","1","35"
"","170426","","406002","","Geimere Latimer II","WISCONSIN","01","CB","375","10","23","6","1","0","34"
"","171092","","415680","","Ben Minich","NOTRE DAME","13","CB","2","2","0","0","0","0","0"
"","171293","","406751","","Raion Strader","AUBURN","13","CB","158","9","9","0","2","0","13"
"","171492","","412561","","Jamir Conn","NEBRASKA","13","CB","103","8","9","0","1","0","10"
"","171852","","406902","","Gavin Hunter","ARIZONA","23","CB","174","4","13","1","1","1","21"
"","171856","","426406","","Emmanuel Karnley","VIRGINIA","19","CB","492","11","21","8","2","0","44"
"","171875","","415789","","Keith Abney II","ARIZONA ST","01","CB","630","10","38","1","10","2","67"
"","171891","","426745","","Montana Warren","ARIZONA ST","07","CB","259","8","28","8","4","0","28"
"","171899","","416174","","Cormani McClain","FLORIDA","25","CB","440","9","19","0","0","1","25"
"","171915","","415715","","Leroy Bryant","WASHINGTON","00","CB","224","9","11","4","0","0","31"
"","172197","","406967","","Dontay Joyner","MARYLAND","06","CB","608","10","36","8","3","2","41"
"","172259","","407347","","D'Angelo Ponds","INDIANA","05","CB","499","10","41","1","6","1","35"
"","172383","","425444","","Jahlil Hurley","KANSAS","06","CB","124","8","3","0","2","0","8"
"","172394","","426401","","Dezz Ricks","TEXAS A&M","02","CB","552","10","24","12","7","0","62"
"","172410","","406949","","RJ Johnson","COLORADO","05","CB","112","4","7","1","0","1","9"
"","172449","","415554","","JC Hart","UTAH","14","CB","88","8","3","1","0","0","6"
"","172450","","406258","","Colton Hood","TENNESSEE","08","CB","657","10","50","5","4","2","55"
"","172455","","406274","","Kayin Lee","AUBURN","04","CB","467","10","16","4","5","1","31"
"","172463","","415559","","Sylvester Smith","AUBURN","19","CB","232","10","27","4","1","0","22"
"","172480","","407526","","Jeremiah Hughes","MICH STATE","03","CB","29","3","4","2","0","0","6"
"","172496","","407543","","Ashton Stamps","LSU","01","CB","18","1","1","0","0","0","1"
"","172547","","423287","","Will James","HOUSTON","15","CB","383","10","24","2","4","1","23"
"","172553","","407838","","Brice Pollock","TEXAS TECH","14","CB","616","11","42","4","4","4","63"
"","172600","","407331","","Jayvon Thomas","TEXAS A&M","14","CB","44","4","2","0","0","0","5"
"","172615","","406005","","Martel Hight","VANDERBILT","04","CB","295","10","33","5","1","1","32"
"","172659","","424640","","Jaylen Moson","UTAH","12","CB","3","1","0","0","0","0","0"
"","173006","","408709","","Scooter Jackson","UCLA","28","CB","385","10","38","8","4","2","29"
"","173046","","424604","","Mikal Harrison-Pilot","TEXAS TECH","30","CB","1","1","0","0","0","0","0"
"","173071","","416028","","Jameel Croft Jr.","KANSAS","29","CB","2","1","1","0","0","0","0"
"","173107","","407410","","Justice Clemons","KANSAS ST","05","CB","141","7","5","3","0","0","11"
"","173110","","407418","","Will Lee III","TEXAS A&M","04","CB","606","10","45","7","7","0","58"
"","173112","","428656","","Donovan McIntosh","KANSAS ST","09","CB","426","9","26","1","2","0","35"
"","173136","","407002","","Randon Fontenette","VANDERBILT","02","CB","598","10","47","6","2","0","41"
"","173137","","407005","","Vernon Glover","TCU","26","CB","523","10","37","6","6","1","43"
"","173165","","406903","","Malik Muhammad","TEXAS","05","CB","483","9","29","4","2","2","29"
"","173211","","419490","","Brian Nelson II","NC STATE","07","CB","437","10","26","8","5","0","41"
"","173400","","426799","","Za'Quan Bryan","MINNESOTA","04","CB","379","9","30","3","2","0","33"
"","173534","","407364","","A.J. Harris","PENN STATE","04","CB","410","9","31","2","0","0","20"
"","173634","","421219","","John Curry","TEXAS TECH","06","CB","565","11","58","2","1","0","46"
"","173644","","433989","","Marcus Ramon-Edwards","TEXAS TECH","22","CB","3","1","0","0","0","0","0"
"","173650","","429890","","Macho Stevenson","TEXAS TECH","12","CB","3","1","1","0","0","0","1"
"","173703","","407078","","Jacobe Johnson","OKLAHOMA","19","CB","122","8","6","4","0","1","7"
"","173721","","412545","","Makari Vickers","COLORADO","10","CB","184","6","11","2","1","0","15"
"","173761","","388386","","Jevon McIver Jr.","TCU","20","CB","273","10","16","3","3","0","22"
"","174003","","425430","","Carter Davis","BOSTON COL","07","CB","549","11","57","8","2","0","27"
"","174031","","421216","","Kaleb Patterson","ILLINOIS","01","CB","197","9","16","3","2","0","25"
"","174034","","408041","","Zachary Tobe","GA TECH","23","CB","357","10","25","2","3","0","29"
"","174037","","412291","","Cam Calhoun","ALABAMA","09","CB","25","3","4","1","1","0","2"
"","174040","","406278","","Jyaire Hill","MICHIGAN","20","CB","542","10","31","7","6","0","42"
"","174052","","406884","","Chance Rucker","MICH STATE","25","CB","77","7","8","0","2","0","12"
"","174161","","406653","","Stephen Hall","MISSOURI","00","CB","367","10","19","1","2","0","29"
"","174247","","406386","","Ja'Keem Jackson","LSU","08","CB","42","6","3","1","0","0","1"
"","174251","","406394","","Dijon Johnson","FLORIDA","27","CB","145","4","10","0","1","1","10"
"","174296","","431387","","Cooper Lai","OKLA STATE","29","CB","1","1","0","0","0","0","0"
"","174314","","406325","","Lardarius Webb Jr.","WAKE","20","CB","442","10","32","3","5","0","40"
"","174319","","407577","","Judge Collier","S CAROLINA","08","CB","267","7","22","3","0","0","25"
"","174323","","407601","","Jalon Kilgore","S CAROLINA","24","CB","558","9","51","7","5","1","46"
"","174351","","406294","","Braeden Marshall","UCF","04","CB","372","9","23","6","1","2","21"
"","174630","","407163","","Caden Jenkins","BAYLOR","08","CB","155","7","13","0","2","0","10"
"","174646","","423317","","LeVar Thornton Jr.","BAYLOR","25","CB","403","9","28","3","8","1","35"
"","174680","","425511","","Beni Ngoyi","IOWA STATE","05","CB","10","3","0","0","0","0","0"
"","174708","","0","","Kevin Longstreet","USC","34","CB","77","4","6","0","3","0","12"
"","174724","","406942","","Rickey Gibson III","TENNESSEE","01","CB","19","1","2","1","0","0","2"
"","174735","","418211","","Jordan Matthews","VANDERBILT","06","CB","255","10","17","3","1","0","19"
"","174793","","407688","","Dante Lovett","VA TECH","01","CB","63","3","5","2","0","0","4"
"","174800","","429004","","Thomas Williams","VA TECH","23","CB","428","10","27","5","1","0","28"
"","174801","","426837","","Krystian Williams","VA TECH","04","CB","56","4","3","1","1","0","5"
"","174814","","408002","","Tyrecus Davis","COLORADO","09","CB","12","3","0","0","0","0","0"
"","174825","","408009","","Keany Parks","HOUSTON","19","CB","42","4","4","0","1","0","5"
"","175015","","443053","","Kevin Doe","BYU","31","CB","13","3","1","0","0","0","3"
"","175036","","407341","","Marcus McKenzie","BYU","32","CB","8","3","1","0","0","0","2"
"","175068","","407400","","Daiquan White","GA TECH","04","CB","264","10","19","1","3","0","20"
"","175097","","408331","","Andrew Marshall","NEBRASKA","10","CB","516","10","37","4","3","2","43"
"","175132","","416064","","Nasir Addison","KENTUCKY","21","CB","175","4","14","3","0","0","13"
"","175191","","415724","","Antione Jackson","UCF","07","CB","484","10","31","2","3","1","32"
"","175345","","418202","","Max Tucker","BOSTON COL","03","CB","378","11","26","5","1","1","38"
"","175365","","443965","","Will Kiker","GA TECH","39","CB","42","4","5","1","1","0","4"
"","175373","","406450","","Damari Brown","MIAMI FL","02","CB","287","10","16","1","1","0","12"
"","175386","","424772","","Robert Stafford III","UCLA","03","CB","239","8","14","2","3","0","14"
"","175389","","428335","","Ty Adams","N CAROLINA","11","CB","25","4","0","0","0","0","2"
"","175392","","407501","","Kaleb Cost","N CAROLINA","21","CB","379","9","38","6","4","2","41"
"","175402","","456288","","Reggie Love II","N CAROLINA","19","CB","15","1","0","0","1","0","2"
"","175403","","415692","","Tre Miller","N CAROLINA","15","CB","115","8","12","1","0","0","14"
"","175416","","436551","","Shadarian Harrison","PITTSBURGH","21","CB","399","9","26","4","1","1","30"
"","175447","","428629","","Ricardo Cooper Jr.","MARYLAND","25","CB","10","2","0","0","0","1","1"
"","175503","","419417","","Sage Clawges","RUTGERS","27","CB","20","3","3","1","0","0","2"
"","175720","","407171","","Michael Coats Jr.","W VIRGINIA","03","CB","475","11","30","4","9","0","31"
"","175896","","407827","","Kelley Jones","MISS STATE","01","CB","544","11","27","3","9","2","44"
"","175900","","412699","","Nick DeLoach Jr.","MISSOURI","24","CB","34","4","3","0","1","0","4"
"","175907","","426793","","Shamar McNeil","MISSOURI","26","CB","27","2","2","0","0","0","5"
"","175930","","407629","","Vicari Swain","S CAROLINA","04","CB","403","10","29","4","4","2","38"
"","175941","","407321","","Bravion Rogers","TEXAS A&M","19","CB","49","2","4","0","1","0","5"
"","175969","","408022","","Jaheim Clarke","ILLINOIS","06","CB","394","6","26","7","3","0","49"
"","175991","","423259","","Jordan Shaw","TEXAS A&M","08","CB","143","8","15","3","0","0","13"
"","176008","","427731","","Michael Tate","NC STATE","32","CB","24","3","0","1","0","0","2"
"","176009","","463621","","Daemon Fagan","NC STATE","20","CB","10","1","1","0","0","0","1"
"","176063","","424494","","Travon West","WAKE","27","CB","312","10","23","3","0","0","28"
"","176184","","426744","","Warren Roberson","TEXAS","24","CB","91","8","5","1","0","0","6"
"","176206","","406777","","Traylon Ray","OLE MISS","00","CB","11","1","0","0","0","0","1"
"","176213","","406323","","DJ Waller Jr.","KENTUCKY","05","CB","28","1","1","0","0","0","3"
"","176403","","421134","","Andre Jordan Jr.","UCLA","02","CB","435","10","19","4","4","0","37"
"","176509","","419521","","Josh Fussell","NWESTERN","13","CB","361","8","18","5","6","0","36"
"","176596","","406631","","Rodrick Pleasant","UCLA","18","CB","609","10","43","9","8","0","55"
"","176624","","418223","","Aaron Morris","STANFORD","31","CB","124","3","7","1","1","0","16"
"","176625","","412402","","Che Ojarikre","STANFORD","22","CB","369","10","21","4","1","0","30"
"","176662","","406516","","Smith Snowden","UTAH","02","CB","463","10","23","11","6","1","49"
"","176686","","415820","","Ethan O'Connor","MIAMI FL","24","CB","341","10","12","3","2","0","18"
"","177049","","406582","","Ja'Son Prevard","VIRGINIA","10","CB","543","11","27","2","2","3","32"
"","177087","","411285","","Jaylen Bowden","MINNESOTA","05","CB","21","3","3","0","0","0","4"
"","177128","","408751","","Teon Parks","COLORADO","03","CB","302","8","15","5","0","0","19"
"","177397","","408239","","Sterling Smith","PURDUE","03","CB","1","1","0","0","0","0","0"
"","178094","","424634","","Zach Kelly","BOSTON COL","39","CB","3","1","0","0","0","0","1"
"","182310","","407365","","Daniel Harris","GEORGIA","07","CB","127","4","4","2","0","0","9"
"","182912","","427757","","Chris Peal","SYRACUSE","16","CB","572","10","42","3","4","1","51"
"","183056","","426848","","Jacoby Davis","KANSAS","47","CB","6","1","0","0","0","0","0"
"","183195","","436387","","Noah Dixon","CLEMSON","27","CB","10","1","1","0","0","0","2"
"","183197","","431624","","Tavoy Feagin","OLE MISS","21","CB","5","2","0","0","0","0","0"
"","183198","","428316","","Corian Gipson","CLEMSON","12","CB","108","6","6","3","3","0","9"
"","183264","","429996","","Ja'ir Smith","CAL","06","CB","58","6","4","2","1","0","5"
"","183273","","449568","","Nigel Maynard","PITTSBURGH","27","CB","6","2","0","0","0","0","0"
"","183279","","431564","","Cam Richardson","STANFORD","08","CB","63","4","8","3","0","0","3"
"","183282","","446892","","Keke Adams","VIRGINIA","21","CB","26","2","1","1","0","0","4"
"","183287","","446893","","Kevon Gray","VIRGINIA","03","CB","10","1","1","0","0","0","0"
"","183296","","439356","","Cai Bates","FLORIDA ST","14","CB","26","2","1","1","0","0","2"
"","183301","","453275","","Jamari Howard","FLORIDA ST","18","CB","9","2","1","1","1","0","1"
"","183306","","439357","","Charles Lester III","FLORIDA ST","04","CB","74","7","6","0","0","0","5"
"","183325","","449497","","Khalil Conley","N CAROLINA","26","CB","49","7","2","1","0","0","5"
"","183326","","428348","","Zion Ferguson","PITTSBURGH","22","CB","24","4","2","0","0","0","2"
"","183336","","428397","","Jaiden Patterson","N CAROLINA","18","CB","405","10","29","5","4","1","31"
"","183342","","434225","","Jalon Thompson","N CAROLINA","20","CB","102","9","6","0","2","0","8"
"","183344","","431803","","Ty White","N CAROLINA","00","CB","36","4","2","0","0","0","5"
"","183383","","443093","","Devin Cook","WAKE","15","CB","9","2","0","0","0","0","1"
"","183394","","448822","","Sam Neely III","STANFORD","28","CB","32","1","2","1","0","0","3"
"","183504","","428267","","Tanner Heckel","ILLINOIS","16","CB","414","10","29","11","2","1","36"
"","183527","","436655","","Lloyd Irvin III","MARYLAND","15","CB","4","1","0","0","0","0","0"
"","183530","","428787","","Braydon Lee","MARYLAND","02","CB","211","9","10","0","0","1","16"
"","183533","","436656","","Mekhai White","MARYLAND","08","CB","2","2","0","0","0","0","0"
"","183535","","445710","","Dorian Davis","MICH STATE","38","CB","7","1","2","0","0","0","3"
"","183551","","429454","","Mario Buford","NEBRASKA","31","CB","4","1","0","0","0","0","0"
"","183564","","429489","","Donovan Jones","NEBRASKA","37","CB","484","10","37","8","3","1","32"
"","183575","","453576","","Preston Okafor","NEBRASKA","34","CB","1","1","0","0","0","0","0"
"","183578","","453589","","Kahmir Prescott","NEBRASKA","19","CB","14","2","2","0","0","0","1"
"","183583","","429511","","Amare Sanders","NEBRASKA","14","CB","30","2","1","0","0","0","0"
"","183588","","429522","","Larry Tarver Jr.","NEBRASKA","18","CB","19","2","1","0","0","0","0"
"","183610","","428524","","Jon Mitchell","GA TECH","29","CB","88","5","7","1","0","0","1"
"","183631","","431768","","Marcelles Williams","USC","25","CB","481","10","38","6","2","1","40"
"","183634","","429706","","Rahshawn Clark","WASHINGTON","02","CB","263","9","14","0","2","1","22"
"","183650","","449271","","Omillio Agard","WISCONSIN","06","CB","299","9","23","5","2","1","26"
"","183655","","453356","","Raphael Dunn","WISCONSIN","27","CB","10","2","0","0","0","0","1"
"","183666","","428646","","Xavier Lucas","MIAMI FL","06","CB","377","10","29","4","3","1","35"
"","183701","","449034","","Miles Lockhart","OHIO STATE","13","CB","3","2","0","0","0","0","0"
"","183709","","428689","","Aaron Scott Jr.","OHIO STATE","05","CB","100","7","6","0","1","0","6"
"","183712","","431885","","Bryce West","OHIO STATE","12","CB","64","7","7","1","0","0","3"
"","183716","","441709","","Smiley Bradford","PURDUE","01","CB","372","11","33","7","5","1","26"
"","183732","","443971","","Johno Price","ARIZONA","21","CB","64","5","4","0","2","0","5"
"","183737","","429579","","Rodney Bimage Jr.","ARIZONA ST","00","CB","177","9","12","2","1","0","14"
"","183757","","429913","","Therrian Alexander III","BYU","01","CB","377","10","21","1","5","1","34"
"","183780","","429940","","Tommy Prassas","BYU","22","CB","135","4","8","2","0","0","12"
"","183788","","448919","","Stanley Clyne","CINCINNATI","29","CB","2","1","0","0","0","0","0"
"","183816","","428859","","Jalen Todd","KANSAS","26","CB","576","10","46","7","5","0","30"
"","183834","","432072","","Devondre McGee","TCU","17","CB","37","3","5","0","0","0","5"
"","183849","","428345","","Chasen Johnson","USC","21","CB","34","2","1","1","0","0","3"
"","183879","","428338","","Zae Jennings","W VIRGINIA","17","CB","11","2","2","0","0","0","1"
"","184339","","430177","","Amarion Fortenberry","KANSAS ST","00","CB","114","7","10","3","2","0","10"
"","184348","","388106","","Jordan Scruggs","W VIRGINIA","06","CB","428","11","31","6","1","1","31"
"","184379","","450547","","Jaden Allen","ARKANSAS","29","CB","4","1","1","0","0","0","0"
"","184381","","428611","","Selman Bridges","ARKANSAS","02","CB","22","2","0","0","0","0","1"
"","184387","","428852","","Ahkhari Johnson","ARKANSAS","27","CB","13","2","2","0","0","0","1"
"","184391","","428869","","Tevis Metcalf","MICHIGAN","24","CB","13","1","1","0","0","0","1"
"","184399","","430378","","Jay Crawford","AUBURN","23","CB","459","9","20","5","3","1","29"
"","184405","","430431","","Kensley Louidor-Faustin","AUBURN","28","CB","216","9","17","5","3","1","26"
"","184411","","430438","","Laquan Robinson","KANSAS","12","CB","10","2","1","0","0","0","0"
"","184421","","431503","","Teddy Foster","FLORIDA","04","CB","12","1","1","0","0","0","3"
"","184423","","447877","","Jamroc Grimsley","FLORIDA","26","CB","25","2","1","1","1","0","4"
"","184452","","428559","","Wallace Foster IV","LSU","29","CB","1","1","0","0","0","0","0"
"","184467","","444392","","Michael Turner Jr.","LSU","21","CB","24","2","1","1","2","0","2"
"","184471","","428567","","PJ Woodland","LSU","11","CB","432","10","25","4","6","1","36"
"","184480","","428365","","Cameron Keys","MISSOURI","29","CB","51","4","1","0","1","0","3"
"","184493","","431739","","Kelvin Hunter","S CAROLINA","21","CB","45","5","4","0","0","0","6"
"","184503","","428958","","Kobe Black","TEXAS","06","CB","115","7","8","1","1","0","12"
"","184513","","429093","","Wardell Mack","TEXAS","27","CB","44","4","4","2","0","0","4"
"","184526","","465130","","Alvin Williamson Jr.","HOUSTON","23","CB","4","1","0","0","0","0","1"
"","184529","","429310","","Zabien Brown","ALABAMA","02","CB","511","10","24","2","4","1","27"
"","184542","","429366","","Red Morgan","ALABAMA","16","CB","153","9","18","4","1","0","22"
"","184566","","431689","","Demello Jones","GEORGIA","15","CB","251","8","28","2","2","0","32"
"","184574","","428480","","Ellis Robinson IV","GEORGIA","01","CB","364","10","17","2","4","2","27"
"","184589","","434133","","Eli Bowen","OKLAHOMA","23","CB","318","6","17","5","1","1","27"
"","184635","","431735","","Terhyon Nichols","KENTUCKY","20","CB","330","7","22","2","4","0","29"
"","184661","","443055","","Kevin Levy","RUTGERS","24","CB","67","8","2","1","0","0","4"
"","184724","","448277","","Mike Gerald","MINNESOTA","13","CB","90","4","8","2","2","0","11"
"","184734","","450634","","Cedrick Beavers","OLE MISS","13","CB","108","5","4","2","2","1","8"
"","184752","","429267","","Elijah Cannon","MISS STATE","24","CB","15","1","0","0","0","0","1"
"","184840","","439345","","Quentin Taylor Jr.","IOWA STATE","24","CB","351","8","18","3","4","0","28"
"","184844","","449209","","Dakoda Fields","OREGON","11","CB","41","3","1","0","0","0","3"
"","184853","","431940","","Sione Laulea","OREGON","03","CB","116","6","4","1","2","0","10"
"","184881","","429199","","Boo Carter","TENNESSEE","23","CB","239","8","25","5","2","0","26"
"","184884","","429209","","Marcus Goree Jr.","TENNESSEE","28","CB","12","2","0","0","0","0","0"
"","184976","","447828","","Jamir Benjamin","UCLA","12","CB","57","6","5","0","0","0","5"
"","184978","","453608","","Khristian Dunbar-Hawkins","N CAROLINA","23","CB","25","2","0","0","0","0","0"
"","185444","","436620","","Breylan Thompson","STANFORD","27","CB","13","1","2","0","0","0","1"
"","186770","","393785","","Rashan Murray","PITTSBURGH","18","CB","44","2","1","0","1","0","3"
"","188171","","431641","","Khamani Hudson","CAL","25","CB","3","1","0","0","0","0","0"
"","188190","","448957","","Daniel James","CINCINNATI","25","CB","230","9","8","0","1","0","13"
"","188251","","428752","","Kevyn Humes","MARYLAND","04","CB","312","9","16","10","1","0","28"
"","188264","","445016","","La'khi Roland","MARYLAND","27","CB","332","9","16","3","1","3","20"
"","188303","","449430","","LaTristan Thompson","UTAH","29","CB","40","4","4","1","0","0","7"
"","188515","","449693","","Tate Hamby","VANDERBILT","31","CB","9","2","0","0","0","0","3"
"","188517","","428916","","Jaylin Lackey","VANDERBILT","27","CB","212","10","9","3","0","0","18"
"","188692","","428671","","Zashon Rich","KANSAS ST","25","CB","684","10","52","6","8","1","59"
"","188711","","463554","","Zahir Rainer","MINNESOTA","25","CB","2","1","0","0","0","0","0"
"","188713","","453588","","Simon Seidl","MINNESOTA","27","CB","3","1","0","0","0","0","0"
"","188721","","451109","","LaDainian Fields","OKLA STATE","09","CB","183","7","7","3","1","2","11"
"","188773","","428342","","Devon Jordan","OKLAHOMA","12","CB","208","10","17","2","0","0","10"
"","188776","","428380","","Jeremiah Newcombe","OKLAHOMA","21","CB","15","1","0","1","0","0","0"
"","188871","","441639","","Brandon Nicholson","STANFORD","09","CB","359","10","14","9","3","2","27"
"","189365","","428324","","Ashton Hampton","CLEMSON","23","CB","542","10","36","1","6","1","49"
"","189375","","428566","","Derrick Brown Jr.","DUKE","11","CB","1","1","0","0","0","0","0"
"","189376","","428569","","Landan Callahan","DUKE","21","CB","427","10","33","5","1","1","36"
"","189378","","449347","","Kyren Condoll","DUKE","29","CB","29","5","0","0","0","0","1"
"","189439","","428427","","OJ Frederique Jr.","MIAMI FL","29","CB","224","7","14","2","3","0","21"
"","189538","","463604","","Davion Pritchard","PITTSBURGH","20","CB","10","1","0","0","0","0","0"
"","189556","","428673","","William Nettles","SMU","00","CB","389","10","36","7","3","1","27"
"","189626","","449339","","Quinn Olson","ARIZONA","35","CB","1","1","0","0","0","0","0"
"","189645","","429922","","Jonathan Kabeya","BYU","02","CB","81","3","5","3","0","0","6"
"","189684","","449506","","Rashad Godfrey Jr.","IOWA","07","CB","40","4","4","0","0","0","2"
"","189696","","434068","","Jaylen Watson","IOWA","03","CB","81","8","6","0","0","0","11"
"","189877","","433945","","Karson Hobbs","NOTRE DAME","21","CB","103","6","5","3","0","1","21"
"","189882","","428775","","Leonard Moore","NOTRE DAME","15","CB","517","8","26","6","5","3","39"
"","189940","","431718","","Keyshawn Robinson","W VIRGINIA","20","CB","43","4","5","0","0","0","3"
"","190168","","0","","Cade Fields","ARKANSAS","36","CB","4","1","0","0","0","0","0"
"","190184","","431388","","Charlie Comella","BOSTON COL","31","CB","95","6","13","2","0","0","7"
"","190196","","431398","","Ashton McShane","BOSTON COL","35","CB","31","2","0","0","0","0","1"
"","190202","","431403","","Syair Torrence","BOSTON COL","10","CB","98","2","3","4","3","0","11"
"","190238","","431740","","Jalewis Solomon","S CAROLINA","16","CB","30","3","2","1","0","0","2"
"","190250","","458969","","Santana Wilson","TEXAS","28","CB","6","1","0","0","0","0","1"
"","190347","","431728","","Braylon Conley","USC","22","CB","171","7","12","2","0","0","18"
"","190401","","441741","","Nick Taylor","W VIRGINIA","19","CB","130","10","16","5","0","1","7"
"","190411","","441745","","Eric Fletcher","OKLA STATE","13","CB","199","8","10","0","2","0","14"
"","190449","","429573","","Quay'sheed Scott","KENTUCKY","12","CB","394","10","26","4","2","1","17"
"","190450","","445014","","Jaden Smith","KENTUCKY","24","CB","73","5","8","0","0","0","7"
"","190572","","447563","","Ricky Knight III","FLORIDA ST","26","CB","24","2","1","0","0","0","2"
"","190594","","429844","","Rae'mon Mosby","LOUISVILLE","30","CB","32","5","1","1","0","0","1"
"","190765","","429796","","Kelvin Hill","GA TECH","16","CB","263","10","11","6","2","0","26"
"","190794","","433928","","Nathanial Watson","COLORADO","36","CB","6","2","0","0","0","0","1"
"","190828","","439251","","Jo'Ziah Edmond","MICHIGAN","16","CB","28","2","1","0","0","0","3"
"","190835","","467605","","Jeremiah Lowe","MICHIGAN","32","CB","1","1","0","0","0","0","0"
"","190903","","429019","","Tarrion Grant","TEXAS TECH","23","CB","26","3","3","0","1","0","7"
"","190908","","443968","","Hudauri Hines","PURDUE","04","CB","590","11","30","10","4","1","51"
"","191161","","448782","","Austin Alexander","KANSAS","00","CB","484","10","40","12","2","0","40"
"","191183","","429698","","Pat Broomfield","OLE MISS","27","CB","1","1","0","0","0","0","0"
"","191193","","469237","","Micah Stallworth","OLE MISS","40","CB","1","1","0","0","0","0","0"
"","191296","","436420","","David Coffey","IOWA STATE","18","CB","79","4","7","0","0","0","8"
"","191324","","449238","","Ify Obidegwu","OREGON","07","CB","233","10","13","2","3","0","21"
"","191344","","436414","","Kenny Woseley Jr.","PENN STATE","17","CB","195","8","11","2","0","0","16"
"","191349","","447836","","Ashton Hampton","TEXAS TECH","16","CB","85","7","5","2","1","0","7"
"","193161","","445747","","Chalil Cummings","PURDUE","28","CB","44","5","2","0","2","0","4"
"","193427","","429235","","Marcellus Barnes Jr.","SMU","08","CB","375","9","21","2","5","1","34"
"","197075","","429264","","Ibn McDaniels","SYRACUSE","24","CB","97","6","3","1","0","0","9"
"","197628","","439366","","Davien Kerr","SYRACUSE","10","CB","264","10","17","8","0","3","40"
"","197652","","449574","","Shawn Sehra","USC","40","CB","4","2","2","0","0","0","0"
"","198087","","448971","","Dijon Lee Jr.","ALABAMA","05","CB","404","10","24","3","3","2","21"
"","198148","","449036","","Blake Woodby","AUBURN","12","CB","61","5","5","2","0","0","3"
"","198157","","453483","","Donovan Starr","AUBURN","22","CB","6","1","0","0","0","0","1"
"","198231","","450487","","Cannon DeVries","BYU","20","CB","18","5","3","0","0","0","2"
"","198236","","468347","","Jae'on Young","CAL","13","CB","6","2","0","0","0","0","0"
"","198262","","455885","","Jamari Johnson","CINCINNATI","15","CB","7","1","0","0","0","0","0"
"","198266","","455895","","Patrick Williams","CINCINNATI","13","CB","4","1","0","0","0","0","0"
"","198331","","449421","","Kaleb Lanier","DUKE","28","CB","22","2","1","1","0","0","1"
"","198427","","453261","","Shamar Arnoux","FLORIDA ST","15","CB","216","9","15","2","0","0","12"
"","198428","","453289","","Zae Thomas","FLORIDA ST","22","CB","9","2","0","0","0","0","0"
"","198459","","448991","","Dominick Kelly","GEORGIA","24","CB","45","4","0","0","4","0","6"
"","198533","","467599","","Byron Baldwin Jr.","INDIANA","02","CB","23","2","4","1","0","0","3"
"","198543","","453302","","Jaylen Bell","INDIANA","03","CB","37","5","2","0","0","0","0"
"","198801","","456011","","Shamari Earls","MICHIGAN","02","CB","60","5","0","0","0","0","6"
"","198809","","448962","","Aydan West","MICH STATE","02","CB","249","9","11","2","0","0","14"
"","198858","","458925","","Jett Jefferson","MISS STATE","20","CB","116","4","11","1","0","0","5"
"","198859","","451216","","Dwight Lewis III","MISS STATE","26","CB","55","4","6","1","0","0","6"
"","199015","","456066","","Marquet Dorsey Jr.","NWESTERN","25","CB","16","2","2","0","0","0","2"
"","199031","","464257","","Maliek Hawkins","OKLAHOMA","37","CB","3","1","0","0","0","0","0"
"","199032","","450093","","Courtland Guillory","OKLAHOMA","04","CB","479","10","30","6","7","0","48"
"","199041","","464260","","Trystan Haynes","OKLAHOMA","14","CB","2","1","0","0","0","0","0"
"","199052","","451123","","Kobi Foreman","OKLA STATE","22","CB","23","3","0","1","0","0","2"
"","199080","","449566","","Shawn Lee Jr.","PITTSBURGH","28","CB","384","10","26","4","4","1","29"
"","199155","","450233","","La'Modrick Spencer","SMU","15","CB","110","3","6","0","0","0","5"
"","199168","","450180","","Javion Holiday","SMU","25","CB","42","3","4","0","1","0","7"
"","199177","","450168","","Zadian Gentry","SMU","02","CB","20","1","0","0","0","0","2"
"","199221","","455830","","Kaylib Singleton","SYRACUSE","03","CB","81","5","12","1","0","0","5"
"","199223","","451042","","Demetres Samuel Jr.","SYRACUSE","01","CB","592","10","45","2","9","1","60"
"","199228","","469190","","Davion Kerr","SYRACUSE","14","CB","22","1","2","0","0","0","2"
"","199229","","455815","","Rayshon Andrews","SYRACUSE","20","CB","4","2","0","0","0","0","0"
"","199261","","449804","","Gil Jackson","TCU","38","CB","72","6","6","0","0","0","9"
"","199286","","453697","","Jonathan Cunningham","TEXAS","37","CB","16","2","1","0","0","0","1"
"","199296","","449065","","Graceson Littleton","TEXAS","29","CB","457","10","36","8","1","2","52"
"","199298","","458937","","Caleb Chester","TEXAS","25","CB","6","1","0","0","0","0","0"
"","199299","","453706","","Kade Phillips","TEXAS","11","CB","121","6","8","1","1","0","7"
"","199392","","454029","","Rukeem Stroud","UCF","25","CB","20","2","0","0","0","0","1"
"","199408","","449470","","Trestin Castro","USC","37","CB","24","2","1","0","0","0","3"
"","199414","","465102","","Alex Graham","USC","27","CB","20","2","1","0","0","0","1"
"","199462","","449424","","Jason Stokes Jr.","UTAH","30","CB","13","1","0","0","1","0","1"
"","199502","","468344","","Freddie Gillens","WAKE","26","CB","1","1","0","0","0","0","0"
"","199521","","453690","","D'Aryhian Clemons","WASHINGTON","28","CB","7","1","1","0","0","0","1"
"","199528","","449360","","Dylan Robinson","WASHINGTON","06","CB","184","6","9","1","1","0","10"
"","199532","","453689","","Ramonz Adams Jr.","WASHINGTON","16","CB","11","1","0","0","0","0","1"
"","199541","","432253","","Tyrence Crutcher","W VIRGINIA","16","CB","48","4","3","0","0","0","1"
"","199568","","449307","","Cairo Skanes","WISCONSIN","21","CB","72","6","6","1","0","0","9"
"","199611","","0","","Njita Sinkala","BOSTON COL","13","CB","3","1","0","0","0","0","0"
"","199616","","456006","","TJ Green","BOSTON COL","30","CB","323","8","27","4","2","0","38"
"","199618","","449306","","Ashton Cunningham","BOSTON COL","14","CB","124","6","9","1","4","0","19"
"","199690","","453331","","Dalen Penson","GA TECH","25","CB","28","2","1","1","0","0","2"
"","199693","","453335","","Elgin Sessions","GA TECH","28","CB","39","2","1","0","0","0","2"
"","199755","","448996","","DJ Pickett","LSU","03","CB","341","10","22","5","1","2","24"
"","199756","","458861","","Aidan Anding","LSU","23","CB","1","1","0","0","0","0","0"
"","199786","","453585","","Naiim Parrish","MINNESOTA","21","CB","23","3","1","1","0","0","1"
"","199847","","469180","","Cree Thomas","NOTRE DAME","20","CB","11","2","0","0","0","0","1"
"","199868","","449053","","Devin Sanchez","OHIO STATE","06","CB","242","10","9","4","0","0","21"
"","199871","","449212","","Brandon Finney Jr.","OREGON","04","CB","388","10","21","2","2","1","29"
"","199879","","449242","","Na'eem Offord","OREGON","14","CB","165","8","10","0","0","0","10"
"","199892","","449147","","Jahmir Joseph","PENN STATE","23","CB","48","3","2","1","0","1","3"
"","199900","","449117","","Daryus Dixson","PENN STATE","05","CB","178","7","11","2","0","0","14"
"","199959","","449295","","Damarcus Leach","S CAROLINA","19","CB","56","5","3","0","0","0","6"
"","199967","","451140","","Tre Poteat","TENNESSEE","21","CB","50","3","9","3","1","0","13"
"","199979","","451142","","Ty Redmond","TENNESSEE","04","CB","610","10","40","8","9","2","68"
"","199983","","451127","","Timothy Merritt","TENNESSEE","25","CB","45","4","4","1","0","0","5"
"","199996","","453311","","Adonyss Currie","TEXAS A&M","20","CB","5","1","0","0","0","0","0"
"","200024","","433463","","Joseph Reddish","VA TECH","21","CB","72","7","14","3","0","0","13"
"","200030","","456209","","Jojo Crim","VA TECH","35","CB","149","6","8","3","0","0","7"
"","200032","","456220","","Knahlij Harrell","VA TECH","28","CB","20","2","2","1","0","0","4"
"","200034","","458922","","Jahmari DeLoatch","VA TECH","29","CB","15","2","1","0","0","0","2"
"","200079","","450652","","Nigel Pringle","ARKANSAS","17","CB","24","3","2","0","0","0","3"
"","200087","","450610","","Keshawn Davila","ARKANSAS","21","CB","59","6","2","1","2","0","7"
"","200133","","455805","","Ben Hanks III","FLORIDA","12","CB","59","1","7","2","0","0","5"
"","200144","","455978","","Demarcus Gardner","KENTUCKY","28","CB","21","3","2","0","0","0","2"
"","200171","","453540","","Chris Ewald Jr.","MIAMI FL","20","CB","20","2","0","0","0","0","0"
"","200172","","453537","","Ja'boree Antoine","MIAMI FL","16","CB","66","5","5","1","0","0","3"
"","200265","","449672","","Cayden Daniels","VANDERBILT","26","CB","37","2","5","0","0","0","0"
"","200270","","450252","","Corey Costner","VIRGINIA","18","CB","131","10","10","2","1","1","10"
"","200281","","450302","","Josiah Persinger","VIRGINIA","33","CB","52","3","3","0","1","0","7"
"","200309","","449637","","Jayden Shipps","MARYLAND","12","CB","139","9","11","1","1","0","9"
"","200317","","448821","","Lonnie McAllister III","STANFORD","24","CB","109","4","8","4","0","0","14"
"","200318","","467649","","Chris Garland","STANFORD","26","CB","5","1","1","0","0","0","1"
"","200343","","458777","","Dallas Golden","NOTRE DAME","14","CB","281","8","20","4","2","1","27"
"","200345","","449215","","Mark Zackery IV","NOTRE DAME","24","CB","256","9","12","1","3","0","23"
"","203996","","450483","","Jordyn Criss","BYU","26","CB","3","1","0","0","0","0","0"
"","204141","","449732","","Jayden Sanders","MICHIGAN","27","CB","262","10","25","1","1","0","23"
"","204144","","449707","","Elijah Dotson","MICHIGAN","22","CB","70","7","10","0","0","1","6"
"","204185","","466506","","Draden Fullbright","OKLA STATE","37","CB","11","2","1","0","0","0","1"
"","204304","","455825","","Javon Lawrence","SYRACUSE","27","CB","4","1","0","0","0","0","0"
"","204425","","453652","","Manny Fuller","UTAH","25","CB","6","1","0","0","0","0","0"
"","204452","","453646","","Koredell Bartley","WAKE","35","CB","17","2","1","0","0","0","0"
"","204493","","449434","","J'Vari Flowers","FLORIDA","06","CB","173","6","10","0","3","0","11"
"","204861","","448937","","Rasean Dinkins","GEORGIA","27","CB","50","5","5","1","0","0","8"
"","204979","","455981","","Andrew Purcell","KENTUCKY","26","CB","15","2","2","1","0","0","0"
"","204984","","455979","","Grant Grayton","KENTUCKY","30","CB","102","7","8","1","1","1","15"
"","205046","","448944","","Anthony Pinnace III","MICH STATE","24","CB","10","3","1","0","0","0","1"
"","205093","","455950","","Kyle Johnson","MISS STATE","17","CB","6","1","0","0","0","0","0"
"","205449","","453453","","Kendarius Reddick","USC","41","CB","41","3","7","1","0","0","6"
"","207798","","453433","","Swayde Griffin","ARIZONA","28","CB","14","2","1","0","0","0","2"
"","207804","","453436","","Aiden Miller","ARIZONA","38","CB","7","2","0","1","0","0","1"
"","207818","","449375","","Marcelous Townsend","BOSTON COL","19","CB","82","3","7","0","0","0","6"
"","208870","","451345","","ChaMarryus Bomar","W VIRGINIA","27","CB","3","1","0","0","0","0","0"