"Rank","Player Id","Player GSIS","Player College GSIS","Player Sportradar Id","Name","Team","#","POS","SNAPS","GAMES","TOT TKL","TFL","MT","CTGT"
"","62235","","387547","","Shaun Myers","COLORADO","40","LB","144","9","13","3","1","6"
"","70946","","386522","","Tate Romney","ARIZONA ST","24","LB","76","7","9","0","3","5"
"","73609","","358271","","Trent Whalen","ARKANSAS","26","LB","32","6","7","0","0","6"
"","74119","","406638","","Taariq Al-Uqdah","WASHINGTON","03","LB","152","3","15","1","1","9"
"","74152","","400296","","Ryan Quintanar","USC","51","LB","5","1","0","0","1","0"
"","81437","","351682","","Moroni Anae","UTAH","24","LB","31","6","4","0","1","0"
"","86267","","386091","","Kalib Perry","LOUISVILLE","12","LB","241","8","33","2","6","16"
"","97751","","326432","","Mohamed Toure","MIAMI FL","01","LB","346","8","49","0","7","34"
"","100457","","341039","","Levani Damuni","UTAH","03","LB","186","9","19","0","1","6"
"","101373","","336472","","Javin Wright","NEBRASKA","00","LB","385","8","60","6","5","26"
"","101480","","350353","","Joey Velazquez","OHIO STATE","39","LB","3","1","0","0","0","0"
"","101506","","340219","","Derik LeCaptain","MINNESOTA","35","LB","2","1","0","0","0","0"
"","122396","","348418","","Stephen Dix Jr.","ARKANSAS","14","LB","454","9","57","3","5","19"
"","122461","","348466","","Marques Watson-Trent","NEBRASKA","33","LB","218","8","27","0","5","8"
"","122610","","388803","","Beau Palmer","KANSAS ST","57","LB","2","1","0","0","0","0"
"","122740","","347950","","Tahj Chambers","OLE MISS","26","LB","194","8","22","1","4","10"
"","122986","","348620","","Jeff Roberson","MINNESOTA","20","LB","39","5","6","0","3","1"
"","123012","","348069","","Bangally Kamara","KANSAS","01","LB","361","8","42","6","19","15"
"","123054","","372992","","Anwar Sparrow","SYRACUSE","12","LB","225","8","25","2","5","10"
"","123055","","348364","","Stefon Thompson","FLORIDA ST","07","LB","102","6","16","0","2","4"
"","123146","","362605","","Trent Low","TEXAS TECH","34","LB","6","1","1","0","0","1"
"","123156","","348299","","Bryce Ramirez","TEXAS TECH","03","LB","110","7","15","0","3","6"
"","123224","","349121","","Jesus Machado","HOUSTON","02","LB","15","2","2","0","0","1"
"","123556","","381406","","Ben Blevins","CINCINNATI","45","LB","13","1","3","0","1","0"
"","124277","","386910","","Martavius French","COLORADO","37","LB","288","8","26","2","7","14"
"","126465","","385641","","Langston Patterson","VANDERBILT","10","LB","283","9","49","1","10","17"
"","126548","","406713","","Michael Teason","TCU","27","LB","27","2","5","1","0","1"
"","128170","","351175","","Chase Wilson","W VIRGINIA","30","LB","385","8","39","3","8","26"
"","129186","","406933","","Arion Carter","TENNESSEE","07","LB","389","8","62","2","7","26"
"","129582","","350313","","Nikhai Hill-Green","ALABAMA","41","LB","234","8","31","2","7","11"
"","129635","","350772","","Darius Snow","MICH STATE","23","LB","173","9","19","1","2","5"
"","129739","","378648","","Nigel Williams","LOUISVILLE","33","LB","22","2","2","0","0","1"
"","130573","","351168","","Daveren Rayner","KENTUCKY","07","LB","338","8","46","3","6","12"
"","131789","","351045","","Choe Bryant-Strother","BYU","33","LB","17","1","2","0","0","1"
"","131815","","351063","","JonJon Vaughns","UCLA","06","LB","435","8","80","3","4","18"
"","131853","","351704","","Sione Fotu","HOUSTON","12","LB","392","9","46","0","5","11"
"","131919","","406945","","Anthony Ward","WASHINGTON","57","LB","15","3","1","0","0","1"
"","143832","","368454","","Owen McGowan","BOSTON COL","33","LB","519","9","44","4","8","21"
"","143838","","362293","","Bryce Steele","BOSTON COL","08","LB","123","6","14","0","3","5"
"","143853","","362131","","Tre Freeman","DUKE","12","LB","325","8","36","3","7","15"
"","143867","","386176","","Nick Morris Jr.","DUKE","36","LB","150","4","19","4","5","5"
"","143952","","368271","","Chase Smith","MIAMI FL","41","LB","114","8","15","0","5","8"
"","143986","","368558","","Sean Brown","NC STATE","00","LB","298","5","41","4","6","26"
"","143992","","373110","","Caden Fordham","NC STATE","01","LB","560","9","89","3","11","44"
"","144027","","386027","","Nick Lapi","PITTSBURGH","31","LB","97","6","14","2","1","2"
"","144059","","384848","","Derek McDonald","SYRACUSE","15","LB","90","3","7","0","0","6"
"","144083","","395571","","Will Johnson","VA TECH","53","LB","4","1","0","0","0","0"
"","144086","","380884","","Jaden Keller","VA TECH","24","LB","285","8","35","2","8","21"
"","144087","","362359","","Keli Lawson","UCF","00","LB","240","8","16","0","3","17"
"","144092","","368289","","Jayden McDonald","UCF","38","LB","126","8","12","0","1","4"
"","144145","","359618","","Jaylin Alderman","MIAMI FL","21","LB","32","3","4","0","1","6"
"","144173","","384791","","TJ Quinn","LOUISVILLE","34","LB","456","8","61","5","9","26"
"","144181","","362233","","Quincy Bryant","WAKE","09","LB","249","8","39","3","8","7"
"","144192","","366082","","Dylan Hazen","WAKE","24","LB","319","8","42","5","10","14"
"","144217","","386681","","Jack Dingle","CINCINNATI","49","LB","319","8","34","0","3","4"
"","144248","","360052","","Jalen Garner","HOUSTON","36","LB","471","9","57","0","12","26"
"","144268","","368528","","Andrew Jones","OLE MISS","44","LB","112","5","14","2","1","4"
"","144431","","368353","","Corey Platt Jr.","HOUSTON","09","LB","238","8","31","0","5","9"
"","144572","","362220","","Jayson Gilliom","KANSAS","10","LB","45","5","11","0","1","1"
"","144579","","428844","","Cole Mondi","KANSAS","39","LB","3","1","2","0","0","0"
"","144611","","388807","","Desmond Purnell","KANSAS ST","32","LB","542","9","50","4","11","33"
"","144612","","385300","","Krew Jackson","ARIZONA ST","43","LB","10","3","3","0","0","0"
"","144699","","362498","","Landyn Watson","KENTUCKY","09","LB","153","8","12","1","5","8"
"","144707","","385953","","Luke Lingard","TCU","51","LB","1","1","0","0","0","0"
"","144737","","423528","","Marshall Landwehr","TEXAS","51","LB","9","2","1","0","0","0"
"","144766","","376720","","Gage Elder","TEXAS TECH","35","LB","9","1","1","0","0","0"
"","144816","","382582","","Dylan Rosiek","ILLINOIS","28","LB","275","7","43","2","2","15"
"","144818","","377096","","Kenenna Odeluga","ILLINOIS","39","LB","116","9","13","1","2","9"
"","144819","","359519","","Luke Zardzin","ILLINOIS","42","LB","30","3","7","0","0","1"
"","144864","","386327","","Jaxon Rexroth","IOWA","12","LB","137","8","16","2","1","9"
"","144871","","406794","","Jaden Harrell","IOWA","41","LB","240","6","34","1","9","13"
"","144872","","415840","","Zach Twedt","IOWA","42","LB","4","1","1","0","0","0"
"","144873","","378657","","Karson Sharar","IOWA","43","LB","430","8","54","5","10","27"
"","144984","","385308","","Devon Williams","MINNESOTA","09","LB","496","9","70","3","10","22"
"","145013","","361603","","Mikai Gbayor","N CAROLINA","04","LB","178","8","25","1","3","6"
"","145023","","412024","","Michael Booker III","NEBRASKA","43","LB","25","2","3","0","1","0"
"","145047","","384498","","Mac Uihlein","NWESTERN","37","LB","440","8","58","5","16","23"
"","145069","","359681","","Reid Carrico","W VIRGINIA","35","LB","367","9","42","2","9","15"
"","145095","","366892","","Dominic DeLuca","PENN STATE","00","LB","337","8","47","1","6","12"
"","145120","","374246","","Yannis Karlaftis","NWESTERN","14","LB","68","5","10","0","2","4"
"","145145","","380447","","Austin Dean","RUTGERS","47","LB","15","3","1","0","1","1"
"","145181","","386810","","Garrison Solliday","WISCONSIN","45","LB","4","1","1","0","0","0"
"","145382","","377173","","Wayne Matthews III","MICH STATE","10","LB","498","9","57","2","6","29"
"","145628","","386059","","Vaughn Pemberton","BOSTON COL","23","LB","1","1","0","0","0","0"
"","145978","","387250","","Andrew Simpson","N CAROLINA","02","LB","446","8","46","4","7","18"
"","146040","","359547","","Phoenix Jackson","BAYLOR","31","LB","68","3","11","0","3","2"
"","146136","","371953","","Alec Marenco","WAKE","44","LB","31","3","4","0","0","3"
"","146160","","380408","","Zyrus Fiaseu","ARIZONA ST","30","LB","101","4","9","0","3","7"
"","146280","","361917","","Eric Gentry","USC","18","LB","444","8","55","4","11","19"
"","146299","","366903","","Hunter Barth","STANFORD","23","LB","290","9","26","1","14","17"
"","146306","","366914","","Kaleb Elarms-Orr","TCU","03","LB","564","8","82","2","5","20"
"","146449","","361853","","Trey Reynolds","UTAH","37","LB","137","9","15","2","5","4"
"","146608","","361343","","Deontae Lawson","ALABAMA","00","LB","365","8","50","1","9","23"
"","146613","","370628","","Colin Bryant","S CAROLINA","45","LB","1","1","0","0","0","0"
"","146701","","368263","","Scooby Williams","TEXAS A&M","00","LB","162","6","17","3","4","6"
"","146724","","361556","","Xavian Sorey Jr.","ARKANSAS","10","LB","556","9","56","2","16","17"
"","146793","","422386","","Gabe Leonards","LSU","49","LB","3","1","0","0","0","0"
"","146852","","368499","","John Lewis","W VIRGINIA","12","LB","23","2","3","0","0","0"
"","146854","","384905","","Nic Mitchell","MISS STATE","40","LB","395","9","43","2","5","21"
"","146889","","359848","","Zachary Lovett","IOWA STATE","00","LB","91","8","9","0","0","4"
"","146924","","395323","","Andrew Colasurdo","S CAROLINA","28","LB","1","1","0","0","0","0"
"","147492","","376783","","Prince Kollie","VANDERBILT","20","LB","77","5","8","0","2","6"
"","147494","","366802","","Kahanu Kia","NOTRE DAME","43","LB","1","1","1","0","0","0"
"","147861","","381834","","Jack Kelly","BYU","17","LB","356","7","39","2","11","15"
"","150178","","363003","","Jake Golday","CINCINNATI","11","LB","509","9","81","0","7","25"
"","150923","","377302","","Jeremiah Brown","COLORADO","42","LB","359","8","54","5","5","20"
"","151086","","361995","","James Jackson","VIRGINIA","01","LB","348","9","38","0","7","14"
"","151095","","362013","","Jacob Rodriguez","TEXAS TECH","10","LB","473","9","78","7","13","34"
"","151101","","362019","","West Weeks","LSU","33","LB","344","7","49","4","5","15"
"","151172","","360769","","Luke Dillingham","TEXAS TECH","39","LB","24","2","0","0","0","1"
"","154624","","373900","","William Davis","W VIRGINIA","11","LB","4","1","0","0","0","0"
"","155289","","391722","","Caden Biser","W VIRGINIA","36","LB","24","2","1","0","0","0"
"","156237","","388509","","Wade Woodaz","CLEMSON","17","LB","443","8","53","2","6","31"
"","156240","","393313","","Kobe McCloud","CLEMSON","21","LB","111","8","13","1","1","12"
"","156243","","391377","","TJ Dottery","OLE MISS","06","LB","588","9","50","2","10","33"
"","156273","","385540","","AJ Cottrill","FLORIDA ST","41","LB","92","7","15","1","2","2"
"","156275","","385536","","Omar Graham Jr.","FLORIDA ST","09","LB","206","8","26","0","3","11"
"","156306","","393644","","Kyle Efford","GA TECH","44","LB","379","9","66","0","11","17"
"","156341","","385917","","Wesley Bissainthe","MIAMI FL","31","LB","290","8","33","1","9","21"
"","156405","","398983","","Kaiden Turner","INDIANA","14","LB","42","6","6","0","5","3"
"","156409","","398981","","Isaiah Jones","INDIANA","46","LB","318","9","42","7","7","24"
"","156434","","429652","","Landyn Van Kekerix","IOWA","23","LB","29","6","2","0","0","3"
"","156435","","412552","","Jayden Montgomery","IOWA","36","LB","175","6","24","1","5","6"
"","156454","","391387","","Caleb Wheatland","AUBURN","43","LB","5","2","0","0","0","0"
"","156458","","385722","","Ernest Hausmann","MICHIGAN","15","LB","448","9","72","3","6","34"
"","156486","","393506","","Gabe Powers","KANSAS ST","35","LB","144","8","12","0","1","7"
"","156507","","406867","","Moses Walker","RUTGERS","02","LB","137","4","15","2","0","2"
"","156725","","386843","","Aiden Fisher","INDIANA","04","LB","371","8","49","3","7","23"
"","156889","","391588","","Bryan McCoy Jr.","OKLA STATE","05","LB","487","9","65","1","11","20"
"","156945","","385550","","Keyshaun Elliott","ARIZONA ST","44","LB","456","9","78","7","14","25"
"","156972","","399715","","Jaylen Sneed","NOTRE DAME","03","LB","191","8","28","2","2","8"
"","157005","","393239","","Jeremiah Alexander","CLEMSON","35","LB","100","7","14","0","1","7"
"","157006","","393249","","Shawn Murphy","S CAROLINA","07","LB","298","9","31","1","6","17"
"","157027","","393327","","Mani Powell","PURDUE","16","LB","557","9","76","4","17","21"
"","157032","","386636","","Jordan Crook","ARIZONA ST","08","LB","446","9","76","5","12","20"
"","157047","","394654","","Robert Woodyard Jr.","AUBURN","00","LB","320","9","56","6","5","11"
"","157075","","396975","","Terrell Foster","GEORGIA","30","LB","59","5","6","0","0","3"
"","157120","","388800","","Harold Perkins Jr.","LSU","07","LB","476","8","35","3","8","24"
"","157136","","391779","","Reginald Hughes","COLORADO","50","LB","407","9","42","1","0","19"
"","157169","","430093","","Carmycah Glass","HOUSTON","25","LB","235","9","17","0","2","7"
"","157253","","386763","","Devon Jackson","OREGON","26","LB","241","8","23","0","4","10"
"","157254","","393365","","Harrison Taggart","CAL","07","LB","134","8","24","0","2","4"
"","157275","","406590","","Matt Rose","STANFORD","35","LB","461","9","87","4","9","23"
"","157288","","385959","","Namdi Obiazor","TCU","04","LB","449","8","58","0","3","21"
"","157329","","397758","","Wesley Smith","TEXAS TECH","40","LB","25","3","5","0","0","2"
"","157332","","395549","","Ben Roberts","TEXAS TECH","13","LB","506","9","57","2","4","25"
"","157359","","393340","","Trey Lathan","KANSAS","04","LB","525","9","65","4","10","27"
"","157430","","400112","","Aisea Moa","MICH STATE","08","LB","178","9","13","1","1","6"
"","157436","","407328","","Isaiah Glasker","BYU","16","LB","440","8","39","5","10","20"
"","157449","","412674","","Zakye Barker","SMU","33","LB","136","7","20","0","3","6"
"","157484","","396694","","Maverick Baranowski","MINNESOTA","06","LB","432","9","65","5","7","16"
"","157506","","406345","","Joey Gerlach","MINNESOTA","19","LB","63","9","6","0","1","2"
"","157561","","393416","","Caleb Bacon","IOWA STATE","26","LB","492","9","46","5","10","18"
"","157562","","387519","","Will McLaughlin","IOWA STATE","23","LB","143","8","13","0","4","2"
"","157592","","396656","","Carson Willich","IOWA STATE","14","LB","183","5","20","1","8","9"
"","157597","","407650","","John Klosterman","IOWA STATE","22","LB","52","4","2","0","1","4"
"","157614","","386073","","Elijah Herring","FLORIDA ST","31","LB","260","8","28","1","4","15"
"","157627","","385514","","Max Alford","BYU","30","LB","111","7","14","0","7","2"
"","157870","","394661","","Khalil Jacobs","MISSOURI","05","LB","201","8","27","1","2","11"
"","158071","","397109","","Kip Lewis","OKLAHOMA","10","LB","363","9","49","3","7","18"
"","158089","","396666","","Kobie McKinzie","OKLAHOMA","11","LB","233","8","26","4","12","5"
"","158098","","401497","","Owen Heinecke","OKLAHOMA","38","LB","300","9","44","6","9","19"
"","158208","","400310","","Malachi Hood","ILLINOIS","45","LB","280","9","31","1","4","18"
"","158211","","385638","","James Kreutz","ILLINOIS","41","LB","161","8","22","2","3","11"
"","158302","","407230","","Josh Kubala","SYRACUSE","49","LB","1","1","0","0","0","0"
"","158432","","395900","","TJ Bullard","UCF","16","LB","22","3","2","0","2","1"
"","158450","","395902","","Kam Moore","UCF","30","LB","10","1","0","0","0","0"
"","158461","","396639","","Garrison Madden","USC","29","LB","6","1","1","0","0","2"
"","158462","","406022","","Roman Marchetti","USC","57","LB","5","1","1","0","0","0"
"","158473","","387020","","Lander Barton","UTAH","08","LB","400","9","37","0","9","7"
"","158497","","393591","","Justin Medlock","SMU","20","LB","203","6","19","0","1","13"
"","158556","","386797","","Jeremy Evans","BAYLOR","42","LB","43","7","6","0","1","1"
"","158718","","439395","","Brandon Craddock","ARIZONA","40","LB","3","1","0","0","1","0"
"","158733","","386376","","Jacob Manu","WASHINGTON","09","LB","144","3","18","1","1","12"
"","159431","","397870","","Jahsiah Galvan","STANFORD","00","LB","214","5","36","0","3","13"
"","160467","","391897","","Cole Kozlowski","UCF","43","LB","334","8","55","3","7","10"
"","160580","","395068","","Ben Bogle","W VIRGINIA","32","LB","173","9","25","3","1","4"
"","162449","","391336","","Melvin Jordan IV","GA TECH","00","LB","148","8","20","0","4","4"
"","162470","","391486","","Jalen Woods","UCLA","09","LB","273","8","34","1","3","16"
"","162494","","400043","","Griffin Miller","WASHINGTON","49","LB","2","1","1","0","0","0"
"","162623","","398462","","Antwone Santiago","VA TECH","26","LB","79","6","11","1","1","1"
"","162660","","391872","","Daveon Crouch","BOSTON COL","01","LB","194","4","17","1","6","3"
"","162669","","422356","","Tim Hays","BOSTON COL","34","LB","3","1","0","0","0","0"
"","162682","","393311","","Fletcher Cothran","CLEMSON","50","LB","5","2","1","0","1","1"
"","162770","","397808","","Kyle Louis","PITTSBURGH","09","LB","457","8","56","5","6","37"
"","162825","","386506","","Jimmy Rolder","MICHIGAN","30","LB","362","8","59","3","3","27"
"","162836","","398832","","Braydon Brus","NWESTERN","33","LB","440","8","42","1","14","32"
"","162852","","393366","","Kenny Soares Jr.","NC STATE","33","LB","408","9","49","3","6","28"
"","162876","","391426","","Sonny Styles","OHIO STATE","00","LB","390","8","51","4","0","23"
"","162903","","386416","","Dariel Djabome","RUTGERS","08","LB","482","9","48","3","6","18"
"","162922","","419430","","Zilan Williams","RUTGERS","15","LB","7","2","1","0","0","0"
"","163114","","389055","","Joseph Sipp Jr.","KANSAS","03","LB","18","3","2","0","0","1"
"","163288","","386748","","Bryce Boettcher","OREGON","28","LB","349","8","64","2","7","17"
"","163648","","385895","","Tyler Banks","OLE MISS","38","LB","35","2","2","0","1","0"
"","163670","","391782","","Trip White","OKLA STATE","30","LB","210","9","27","1","8","7"
"","163671","","391783","","Jaron Willis","S CAROLINA","14","LB","48","6","5","0","1","1"
"","163707","","407972","","Bryce Cowan","VANDERBILT","22","LB","200","9","22","0","6","10"
"","163726","","396671","","Nick Rinaldi","VANDERBILT","24","LB","260","9","32","2","6","18"
"","163746","","391289","","E.J. Lightsey","GA TECH","02","LB","423","9","61","0","8","22"
"","163759","","393476","","Ben Bolton","TENNESSEE","33","LB","81","8","9","0","2","3"
"","163793","","386769","","Alex Afari Jr.","KENTUCKY","03","LB","442","8","56","3","9","22"
"","164156","","407685","","Jonathan Thompson","CINCINNATI","22","LB","397","9","51","6","8","20"
"","164193","","394637","","Keon Wylie","PENN STATE","32","LB","125","7","18","1","3","2"
"","164824","","386809","","Gary Bryant III","SYRACUSE","13","LB","358","9","50","5","6","18"
"","168602","","408275","","Jack McManus","MIAMI FL","52","LB","2","1","0","0","0","0"
"","169147","","393347","","Keaton Thomas","BAYLOR","11","LB","585","9","79","2","8","30"
"","169223","","396291","","Max Harris","ARIZONA","04","LB","428","8","58","5","11","19"
"","169965","","406588","","Alexander Kilgore","SMU","54","LB","259","7","37","2","7","27"
"","170000","","407351","","Jamal Anderson","CLEMSON","00","LB","51","4","5","1","0","3"
"","170005","","412112","","Dee Crayton","CLEMSON","22","LB","56","5","4","0","0","3"
"","170050","","412253","","Kendall Johnson","DUKE","42","LB","166","6","22","3","4","7"
"","170056","","422392","","Luke Mergott","DUKE","34","LB","358","8","47","5","4","19"
"","170093","","418135","","Kaleb Spencer","VA TECH","03","LB","260","9","46","3","6","18"
"","170102","","407498","","Amare Campbell","PENN STATE","24","LB","453","8","63","5","9","24"
"","170110","","407545","","Michael Short","VA TECH","30","LB","114","4","22","2","5","10"
"","170117","","436553","","Abe Ibrahim","PITTSBURGH","52","LB","71","7","12","2","1","1"
"","170119","","406948","","Braylan Lovelace","PITTSBURGH","00","LB","571","9","59","4","13","18"
"","170148","","415827","","Nolan DeLong","IOWA","31","LB","8","3","2","0","0","0"
"","170194","","407153","","Michael Harris","MARYLAND","31","LB","37","5","5","0","1","0"
"","170212","","407277","","Daniel Wingate","MARYLAND","01","LB","457","8","82","4","14","36"
"","170264","","408113","","Arvell Reese","OHIO STATE","08","LB","379","8","54","3","3","21"
"","170290","","431383","","DaKaari Nelson","PENN STATE","08","LB","2","2","0","0","0","0"
"","170295","","406719","","Ta'Mere Robinson","USC","14","LB","52","7","4","1","3","7"
"","170297","","406722","","Tony Rojas","PENN STATE","13","LB","176","4","24","3","2","13"
"","170320","","419431","","Abram Wright","RUTGERS","06","LB","366","8","52","1","6","14"
"","170323","","425502","","Tyler Jansey","WISCONSIN","42","LB","1","1","0","0","0","0"
"","170331","","453263","","Ashton Bracewell","FLORIDA ST","52","LB","15","2","2","1","0","0"
"","170350","","407490","","Blake Nichelson","FLORIDA ST","20","LB","269","8","28","4","2","9"
"","170358","","458762","","Brandon Torres","FLORIDA ST","53","LB","1","1","0","0","0","0"
"","170366","","406240","","Kamal Bonner","MIAMI FL","32","LB","12","2","1","0","0","0"
"","170594","","412562","","Maddox Marcellus","VIRGINIA","11","LB","218","9","25","0","4","15"
"","171075","","406066","","Jaiden Ausberry","NOTRE DAME","04","LB","282","8","36","1","7","10"
"","171077","","406067","","Drayk Bowen","NOTRE DAME","34","LB","430","8","51","1","8","24"
"","171329","","406313","","Nevaeh Sanders","MISS STATE","37","LB","51","8","6","0","0","2"
"","171843","","406885","","Taye Brown","ARIZONA","06","LB","433","8","51","4","7","16"
"","171850","","449254","","Dominic Hanger","ARIZONA","36","LB","20","3","6","0","1","2"
"","171869","","449380","","Leviticus Su'a","ARIZONA","55","LB","17","2","0","0","1","0"
"","171914","","406424","","Deven Bryant","WASHINGTON","17","LB","397","8","49","1","6","30"
"","172384","","406433","","Justin Jefferson","ALABAMA","10","LB","358","8","56","2","9","27"
"","172423","","406956","","Alex Sanford Jr.","PURDUE","10","LB","259","9","33","2","1","12"
"","172448","","430418","","Coleman Granberry","AUBURN","42","LB","3","1","1","0","0","0"
"","172470","","420352","","Christian Brathwaite","HOUSTON","16","LB","10","1","3","0","0","2"
"","172481","","412779","","Jake Ibieta","LSU","55","LB","3","1","0","0","0","0"
"","172498","","407553","","Whit Weeks","LSU","40","LB","259","6","28","1","6","20"
"","172559","","407849","","Zakari Tillman","MISS STATE","07","LB","318","9","31","3","11","20"
"","172569","","406360","","Triston Newson","MISSOURI","14","LB","134","8","17","1","3","10"
"","172595","","407324","","Daymion Sanford","TEXAS A&M","27","LB","296","8","36","4","8","24"
"","172604","","407334","","Taurean York","TEXAS A&M","21","LB","442","8","49","3","7","24"
"","172620","","406100","","Bryan Longwell","VANDERBILT","11","LB","336","9","48","8","9","18"
"","173034","","423510","","Brian Simms III","CINCINNATI","17","LB","207","9","26","2","4","4"
"","173065","","406586","","Logan Brantley","KANSAS","16","LB","53","5","7","1","2","1"
"","173088","","448790","","Ezra Vedral","KANSAS","41","LB","31","2","4","0","0","2"
"","173114","","407424","","Asa Newsom","KANSAS ST","23","LB","51","6","5","0","0","1"
"","173117","","407433","","Austin Romaine","KANSAS ST","45","LB","517","9","72","5","18","12"
"","173123","","422395","","Rex Van Wyhe","KANSAS ST","28","LB","124","9","21","1","2","3"
"","173130","","420282","","Max Carroll","TCU","33","LB","154","8","20","3","3","12"
"","173138","","432066","","Hudson Hooper","TCU","37","LB","6","1","1","0","0","0"
"","173149","","432082","","Kylan Salter","COLORADO","41","LB","13","4","2","1","0","0"
"","173156","","429087","","Derion Gullette","MISS STATE","16","LB","185","7","31","0","4","5"
"","173158","","406893","","Anthony Hill Jr.","TEXAS","00","LB","501","9","61","3","3","27"
"","173161","","406898","","Liona Lefau","TEXAS","18","LB","343","9","44","2","8","23"
"","173173","","406753","","Ben Cutter","W VIRGINIA","15","LB","218","9","23","1","7","15"
"","173179","","412653","","James Heard","SYRACUSE","06","LB","101","8","12","2","4","6"
"","173191","","428399","","Josiah Trotter","MISSOURI","40","LB","323","8","54","7","4","18"
"","173390","","428549","","Jeff Utzinger","INDIANA","34","LB","35","4","7","0","0","1"
"","173407","","425493","","Matt Kingsbury","MINNESOTA","49","LB","153","9","19","1","5","6"
"","173486","","406591","","Buom Jock","CAL","13","LB","6","3","0","0","1","0"
"","173539","","407350","","CJ Allen","GEORGIA","03","LB","378","8","80","1","5","29"
"","173541","","412106","","Raylen Wilson","GEORGIA","05","LB","341","8","39","2","4","18"
"","173560","","412684","","Jaden Yates","OLE MISS","30","LB","283","9","40","0","4","9"
"","173635","","416047","","Miquel Dingle Jr.","TEXAS TECH","21","LB","1","1","0","0","0","1"
"","173689","","407046","","Lewis Carter","UCF","20","LB","426","7","60","1","7","20"
"","173699","","407073","","Taylor Heim","OKLAHOMA","17","LB","36","5","10","2","2","2"
"","173714","","407284","","Sammy Omosigho","OKLAHOMA","07","LB","212","9","29","2","1","12"
"","173978","","415630","","Ty Lee","UCLA","33","LB","1","1","0","0","0","0"
"","173984","","415654","","Wyatt Mosier","UCLA","36","LB","1","1","0","0","0","0"
"","173985","","415657","","Donavyn Pellot","UCLA","00","LB","93","5","11","0","2","3"
"","174026","","428268","","Jojo Hayden","ILLINOIS","30","LB","223","9","26","1","5","20"
"","174047","","406855","","Jordan Hall","MICH STATE","05","LB","441","9","72","1","6","38"
"","174117","","406617","","Jerry Mixon","OREGON","54","LB","239","8","23","1","6","15"
"","174119","","434123","","Will Straton","OREGON","38","LB","24","3","6","0","2","0"
"","174160","","406477","","Johnathan Hall","UTAH","07","LB","407","9","46","3","4","16"
"","174184","","406012","","Tackett Curtis","WISCONSIN","41","LB","319","8","32","0","5","20"
"","174260","","406425","","Jaden Robinson","FLORIDA","29","LB","302","8","32","2","7","15"
"","174287","","429143","","Ike Esonwune","OKLA STATE","25","LB","200","9","18","0","6","7"
"","174322","","412629","","Grayson Howard","FLORIDA","10","LB","36","3","5","0","0","2"
"","174347","","450364","","Troy Ford Jr.","UCF","28","LB","21","3","2","0","0","2"
"","174579","","416624","","Cayman Spaulding","GA TECH","01","LB","232","9","29","0","3","14"
"","174655","","436417","","Rylan Barnes","IOWA STATE","41","LB","12","2","2","0","2","1"
"","174665","","418130","","Kooper Ebel","IOWA STATE","47","LB","496","9","43","5","10","11"
"","174685","","412555","","Jack Sadowsky V","NWESTERN","45","LB","34","5","3","0","0","3"
"","174698","","406329","","Stanquan Clark","LOUISVILLE","06","LB","52","2","7","0","1","2"
"","174742","","418212","","Jalen Smith","MISS STATE","10","LB","236","9","36","0","6","21"
"","174745","","407003","","Jeremiah Telander","TENNESSEE","22","LB","372","9","49","3","6","19"
"","174775","","418168","","George Ballance","VA TECH","41","LB","40","2","10","0","0","3"
"","174805","","407727","","Caleb Woodson","VA TECH","20","LB","262","6","45","2","4","11"
"","174945","","428994","","Winston Berglund","PURDUE","20","LB","45","4","4","0","0","3"
"","175020","","421129","","Siale Esera","BYU","54","LB","278","8","32","2","5","4"
"","175024","","422408","","Miles Hall","BYU","21","LB","34","4","10","1","0","1"
"","175031","","407335","","Ace Kaufusi","BYU","18","LB","138","8","10","2","1","9"
"","175032","","448241","","Maika Kaufusi","BYU","34","LB","15","3","0","0","0","0"
"","175071","","408308","","Xe'ree Alexander","WASHINGTON","10","LB","254","8","41","2","7","21"
"","175091","","419591","","Zach Johnson","STANFORD","38","LB","184","9","25","0","5","10"
"","175148","","436600","","Grant Godfrey","KENTUCKY","22","LB","85","6","13","0","0","6"
"","175288","","406609","","Brandon Miyazono","SMU","29","LB","334","9","32","1","6","25"
"","175363","","449119","","Myles Forristall","GA TECH","34","LB","5","1","0","0","0","0"
"","175372","","406436","","Raul Aguirre Jr.","MIAMI FL","10","LB","177","8","19","0","2","14"
"","175385","","414595","","Marcellius Pulliam","MICH STATE","04","LB","51","4","8","0","0","2"
"","175408","","416061","","Rasheem Biles","PITTSBURGH","03","LB","388","6","54","6","4","15"
"","175431","","415611","","Landon Danley","VIRGINIA","32","LB","173","7","19","2","2","6"
"","175435","","419541","","Caleb Hardy","VIRGINIA","26","LB","81","7","9","1","0","6"
"","175441","","407055","","Kam Robinson","VIRGINIA","05","LB","356","6","50","3","4","29"
"","175477","","429447","","Jacob Bower","NEBRASKA","54","LB","21","4","4","0","0","1"
"","175520","","406593","","Christian Alliegro","WISCONSIN","00","LB","379","7","50","4","11","25"
"","175823","","441641","","Darius Taylor","VA TECH","50","LB","2","1","0","0","0","0"
"","175925","","422400","","Jamian Risher Jr.","S CAROLINA","34","LB","21","1","2","0","0","0"
"","175949","","407472","","Justin Cryer","FLORIDA ST","28","LB","273","8","24","2","4","18"
"","176040","","415778","","Zyian Moultrie-Goddard","SYRACUSE","22","LB","72","6","9","1","2","4"
"","176060","","406231","","Aiden Hall","WAKE","21","LB","391","8","44","4","6","16"
"","176185","","458963","","Brady Sarkisian","TEXAS","32","LB","10","1","1","1","0","0"
"","176193","","445724","","Quentin Hatch","UCF","45","LB","1","1","0","0","0","0"
"","176218","","428506","","Jason Hewlett Jr.","BOSTON COL","26","LB","85","5","9","0","0","7"
"","176296","","456031","","John Weidenbach","MICHIGAN","59","LB","1","1","0","0","0","0"
"","176329","","407352","","Troy Bowles","MICHIGAN","18","LB","137","8","21","1","1","8"
"","176394","","412691","","Isaiah Chisom","UCLA","32","LB","389","8","68","1","6","11"
"","176469","","429774","","T.J. Capers","LOUISVILLE","11","LB","211","8","31","1","7","18"
"","176519","","406813","","Payton Roth","NWESTERN","34","LB","15","1","0","0","1","0"
"","176566","","407867","","Cade Uluave","CAL","00","LB","479","9","73","7","16","31"
"","176580","","416175","","Bo LaPenna","COLORADO","54","LB","4","2","0","0","0","0"
"","176631","","461068","","Tre Williams","STANFORD","36","LB","29","4","1","0","0","0"
"","177067","","408675","","AJ Richardson","NC STATE","15","LB","69","2","11","0","0","5"
"","180176","","409489","","Ralph Ortiz","KANSAS ST","20","LB","1","1","0","0","0","0"
"","183192","","428308","","Sammy Brown","CLEMSON","47","LB","460","8","57","3","5","22"
"","183212","","428182","","Tah'j Butler","GA TECH","15","LB","226","9","23","1","6","15"
"","183239","","428450","","Cam Pruitt","MIAMI FL","22","LB","17","3","1","0","0","2"
"","183248","","428626","","Brandon Booker","SMU","28","LB","484","9","54","2","4","23"
"","183259","","449081","","Luke Ferrelli","CAL","41","LB","521","9","61","3","14","28"
"","183260","","429980","","Aaron Hampton","CAL","46","LB","114","8","25","1","1","7"
"","183277","","428313","","Sam Mattingly","STANFORD","51","LB","122","8","18","1","4","5"
"","183283","","446310","","Myles Brown","VIRGINIA","13","LB","31","2","4","0","0","3"
"","183300","","449705","","Timir Hickman-Collins","N CAROLINA","54","LB","35","2","2","0","0","1"
"","183308","","453283","","Jayden Parrish","FLORIDA ST","36","LB","23","2","4","0","1","1"
"","183314","","429776","","Trent Carter","LOUISVILLE","43","LB","15","1","3","0","1","1"
"","183345","","434227","","Ashton Woods","W VIRGINIA","33","LB","127","6","18","0","7","2"
"","183361","","448240","","Logan Foust","NC STATE","38","LB","1","1","0","0","0","0"
"","183368","","441735","","Zane Williams","NC STATE","30","LB","30","3","5","1","0","2"
"","183391","","429201","","Darius Jones","WAKE","34","LB","14","1","1","0","1","1"
"","183543","","434097","","Brady Pretzlaff","MICH STATE","45","LB","29","3","6","1","0","8"
"","183585","","429515","","Vincent Shavers Jr.","NEBRASKA","09","LB","327","9","42","5","8","16"
"","183592","","449176","","Derek Wacker","NEBRASKA","42","LB","3","2","1","0","0","0"
"","183624","","439340","","Elijah Newby","USC","26","LB","24","2","4","0","0","2"
"","183628","","428630","","Desman Stephens II","USC","23","LB","420","8","55","0","4","14"
"","183638","","429717","","Khmori House","N CAROLINA","07","LB","479","8","54","2","6","21"
"","183659","","447540","","Thomas Heiberger","WISCONSIN","19","LB","18","4","1","0","0","1"
"","183682","","428276","","Jeremiah Beasley","MISSOURI","18","LB","57","3","9","0","0","2"
"","183691","","428540","","Cole Sullivan","MICHIGAN","23","LB","176","8","27","2","2","14"
"","183707","","428687","","Payton Pierce","OHIO STATE","26","LB","170","8","28","2","0","6"
"","183711","","428707","","Garrett Stover","OHIO STATE","23","LB","20","3","2","0","1","1"
"","183743","","429590","","Martell Hughes","ARIZONA ST","18","LB","173","9","23","1","4","19"
"","183749","","433736","","Tony-Louis Nkuba","ARIZONA ST","21","LB","4","1","0","0","0","0"
"","183758","","429914","","Ephraim Asiata","BYU","44","LB","23","3","3","0","0","2"
"","183790","","429594","","Simeon Coleman","CINCINNATI","31","LB","297","9","30","2","3","12"
"","183864","","445008","","Kana'i Lopes","UTAH","33","LB","17","3","2","0","1","1"
"","183924","","428568","","Travion Barnes","BAYLOR","36","LB","67","4","14","0","1","4"
"","184105","","428801","","Kyngstonn Viliamu-Asa","NOTRE DAME","27","LB","346","8","43","3","5","10"
"","184216","","429309","","Frank Cusano","WAKE","43","LB","192","7","24","1","7","11"
"","184389","","450630","","Justin Logan","ARKANSAS","28","LB","4","1","1","0","0","0"
"","184410","","430436","","Demarcus Riddick","AUBURN","06","LB","238","9","16","0","2","11"
"","184422","","428321","","Myles Graham","FLORIDA","05","LB","411","8","57","3","6","24"
"","184438","","431999","","Xavier Atkins","AUBURN","17","LB","525","9","76","7","15","29"
"","184459","","432015","","Davhon Keys","LSU","42","LB","310","8","43","0","6","13"
"","184465","","446894","","Tylen Singleton","LSU","46","LB","35","5","2","0","1","3"
"","184478","","428334","","Brian Huff","MISSOURI","17","LB","6","2","1","0","1","0"
"","184487","","429658","","Fred Johnson","S CAROLINA","00","LB","417","9","41","3","8","29"
"","184516","","429098","","Ty'Anthony Smith","TEXAS","26","LB","268","9","36","1","11","22"
"","184538","","429332","","Cayden Jones","ALABAMA","30","LB","27","2","4","0","0","1"
"","184544","","429376","","Justin Okoronkwo","S CAROLINA","17","LB","444","9","54","3","6","16"
"","184554","","428404","","Chris Cole","GEORGIA","09","LB","209","8","22","1","4","8"
"","184584","","428489","","Justin Williams","GEORGIA","19","LB","128","8","24","2","2","11"
"","184600","","428375","","James Nesta","OKLAHOMA","47","LB","40","5","3","0","0","3"
"","184640","","429575","","Antwan Smith","KENTUCKY","44","LB","55","5","4","0","3","4"
"","184738","","429699","","Raymond Collins","OLE MISS","34","LB","2","2","0","0","0","0"
"","184808","","428846","","Jordan Lockhart","TEXAS A&M","54","LB","89","7","10","2","1","5"
"","184819","","429382","","Kyland Reed","BAYLOR","45","LB","442","9","35","1","8","21"
"","184827","","431643","","Cael Brezina","IOWA STATE","09","LB","162","9","18","1","1","8"
"","184831","","449806","","Danny Inglis","IOWA STATE","46","LB","3","1","1","0","0","0"
"","184834","","449815","","Mason Miller","IOWA STATE","40","LB","3","1","0","0","0","0"
"","184837","","446940","","Nick Reinicke","IOWA STATE","51","LB","6","3","2","0","0","1"
"","184858","","449231","","Kamar Mothudi","OREGON","33","LB","24","4","3","0","0","0"
"","184892","","434002","","Edwin Spillman","TENNESSEE","13","LB","386","9","55","3","6","15"
"","184941","","445704","","Gabe Williams","VA TECH","12","LB","2","1","1","0","0","0"
"","185222","","430970","","Sanders Ellis","PURDUE","06","LB","25","6","2","0","1","1"
"","188193","","455888","","George Leibold","CINCINNATI","47","LB","11","1","3","0","0","1"
"","188203","","429649","","Montay Weedon","CINCINNATI","44","LB","205","9","18","1","10","11"
"","188247","","428639","","Keyshawn Flowers","MARYLAND","23","LB","131","6","16","0","1","5"
"","188261","","428807","","Trey Reddick","MARYLAND","03","LB","331","8","41","2","14","12"
"","188295","","443064","","Elijah Elliss","UTAH","83","LB","68","7","10","1","0","1"
"","188483","","429345","","Charles Correa","PURDUE","05","LB","542","9","57","5","14","22"
"","188512","","449670","","Jamison Curtis","VANDERBILT","40","LB","16","2","6","0","0","1"
"","188665","","428534","","Rolijah Hardy","INDIANA","21","LB","395","9","46","5","4","28"
"","188672","","466486","","Kaden McConnell","INDIANA","38","LB","8","2","2","0","0","1"
"","188700","","448275","","Mason Carrier","MINNESOTA","48","LB","9","3","1","0","0","0"
"","188718","","445717","","Jonathan Agumadu","N CAROLINA","41","LB","49","4","9","0","0","4"
"","188731","","447573","","Jacobi Oliphant Jr.","OKLA STATE","26","LB","100","9","12","0","0","9"
"","188739","","461024","","Gunnar Wilson","OKLA STATE","50","LB","2","1","0","0","0","0"
"","188881","","447582","","Jordan Burns","TENNESSEE","11","LB","27","4","4","0","1","1"
"","188891","","429243","","Ryan Scott","TENNESSEE","50","LB","3","1","0","0","0","0"
"","189382","","434168","","Vontae Floyd","DUKE","17","LB","3","1","0","0","0","0"
"","189414","","453321","","Drew Cohen","GA TECH","93","LB","2","1","0","0","0","0"
"","189447","","467648","","Casey Rizzi","MIAMI FL","39","LB","1","1","0","0","0","0"
"","189530","","436549","","Davin Brewton","PITTSBURGH","37","LB","34","4","3","1","0","2"
"","189537","","436554","","Cameron Lindsey","PITTSBURGH","24","LB","222","9","30","1","2","16"
"","189623","","441722","","Jabari Mann","ARIZONA","11","LB","102","7","13","2","0","1"
"","189641","","449690","","Prayer Young-Blackgoat","ARIZONA ST","49","LB","3","1","0","0","0","1"
"","189674","","449499","","Cam Buffington","IOWA","33","LB","28","3","7","0","0","1"
"","189693","","449527","","Preston Ries","IOWA","46","LB","13","3","5","1","1","0"
"","189697","","449531","","Derek Weisskopf","IOWA","22","LB","11","3","2","0","0","0"
"","189880","","446262","","Bodie Kahoun","NOTRE DAME","36","LB","1","1","1","0","0","0"
"","189886","","433952","","Teddy Rezac","NOTRE DAME","35","LB","1","1","0","0","0","0"
"","189935","","434134","","Curtis Jones Jr.","W VIRGINIA","18","LB","237","9","19","2","9","7"
"","190166","","450613","","Preston Davis","ARKANSAS","45","LB","1","1","0","0","0","0"
"","190175","","428905","","Bradley Shaw","ARKANSAS","07","LB","354","9","40","2","4","18"
"","190176","","448232","","Wyatt Simmons","ARKANSAS","42","LB","39","5","4","0","0","3"
"","190179","","450702","","Joseph Whitt","ARKANSAS","48","LB","3","1","0","0","0","0"
"","190189","","446905","","Kemori Dixon","BOSTON COL","42","LB","20","1","0","0","0","0"
"","190207","","393890","","Kenzel Kelly","LSU","50","LB","7","1","0","0","1","0"
"","190225","","428457","","Nicholas Rodriguez","MISSOURI","20","LB","144","8","22","2","3","10"
"","190244","","458951","","Eric Garza","TEXAS","43","LB","6","1","0","0","0","0"
"","190268","","428295","","Aaron Chiles","FLORIDA","08","LB","277","8","31","0","1","10"
"","190359","","449597","","Jadyn Walker","USC","31","LB","145","8","19","2","4","4"
"","190490","","449353","","Sam Robinson","RUTGERS","04","LB","25","7","5","0","0","1"
"","190568","","453274","","Gav Holman","FLORIDA ST","43","LB","22","2","4","0","0","1"
"","190836","","456019","","Zach Ludwig","MICHIGAN","43","LB","1","1","0","0","0","0"
"","190959","","455909","","Whittman Whaley","WAKE","40","LB","5","1","0","0","0","0"
"","191138","","429384","","QB Reese","ALABAMA","36","LB","31","2","3","0","0","1"
"","191170","","445033","","Jon Kamara","KANSAS","08","LB","208","9","17","3","2","11"
"","191175","","449975","","JaCorey Stewart","KANSAS","28","LB","3","1","0","0","0","0"
"","191301","","436423","","Beau Goodwin","IOWA STATE","34","LB","100","6","8","0","4","5"
"","191328","","448267","","Dylan Williams","OREGON","20","LB","20","2","5","1","0","0"
"","191342","","436412","","Anthony Speca","PENN STATE","40","LB","47","4","2","0","0","3"
"","192976","","429493","","Darrell Gipson","CINCINNATI","33","LB","10","1","3","0","0","0"
"","197576","","431649","","Fatim Diggs","SYRACUSE","45","LB","12","2","3","0","0","0"
"","198089","","448988","","Luke Metz","ALABAMA","26","LB","1","1","0","0","0","0"
"","198111","","453434","","Carter Jones","ARIZONA","18","LB","4","1","0","0","0","0"
"","198152","","448998","","Elijah Melendez","AUBURN","09","LB","186","9","31","2","5","13"
"","198163","","448927","","Bryce Deas","AUBURN","16","LB","94","6","6","1","4","4"
"","198260","","455882","","Myles Harrison","CINCINNATI","34","LB","8","1","2","0","0","0"
"","198305","","465125","","Mantrez Walker","COLORADO","38","LB","2","1","0","0","0","0"
"","198325","","449457","","Elliott Schaper","DUKE","31","LB","93","6","16","0","0","5"
"","198326","","449394","","Bradley Gompers","DUKE","24","LB","59","5","6","1","0","4"
"","198464","","449012","","AJ Kruah","GEORGIA","13","LB","4","2","0","0","0","0"
"","198480","","449032","","Zayden Walker","GEORGIA","10","LB","15","3","1","0","0","1"
"","198511","","455801","","Grant Beerman","ILLINOIS","33","LB","14","3","0","0","0","1"
"","198597","","448806","","Weston Polk","KANSAS ST","34","LB","1","1","0","0","0","0"
"","198697","","449769","","Cameron White","LOUISVILLE","38","LB","12","1","0","0","1","0"
"","198709","","449741","","Caleb Matelau","LOUISVILLE","41","LB","2","1","0","0","1","2"
"","198725","","449640","","Carlton Smith","MARYLAND","32","LB","310","8","40","2","5","18"
"","198797","","463557","","Nathaniel Owusu-Boateng","MICHIGAN","12","LB","25","1","0","0","0","0"
"","198799","","449736","","Chase Taylor","MICHIGAN","29","LB","31","4","5","0","1","0"
"","198856","","451161","","Montrell Chapman","MISS STATE","30","LB","14","3","2","0","0","1"
"","198862","","451202","","LaKendrick James","MISS STATE","31","LB","24","2","5","0","0","0"
"","198866","","455958","","AJ Rice","MISS STATE","32","LB","3","1","1","0","0","0"
"","198871","","451219","","Tyler Lockhart","MISS STATE","11","LB","135","8","21","0","1","5"
"","198877","","449224","","Dante McClellan","MISSOURI","22","LB","43","3","5","0","0","4"
"","198881","","461056","","Jason King","MISSOURI","25","LB","4","1","0","0","0","1"
"","199049","","389144","","Brandon Rawls","OKLA STATE","06","LB","388","9","56","2","5","20"
"","199085","","449575","","Emmanuel Taylor","PITTSBURGH","38","LB","26","4","4","0","0","4"
"","199086","","467639","","Justin Thompson","PITTSBURGH","54","LB","7","1","0","0","0","0"
"","199119","","456067","","DJ McClary","RUTGERS","13","LB","14","2","2","1","0","1"
"","199166","","450184","","Mark Iheanachor","SMU","24","LB","4","1","1","0","1","0"
"","199230","","451037","","Antoine Deslauriers","SYRACUSE","05","LB","360","9","51","3","8","17"
"","199285","","453695","","Elijah Barnes","TEXAS","30","LB","13","2","0","0","0","0"
"","199311","","450022","","Brock Golwas","TEXAS TECH","45","LB","63","7","7","0","0","1"
"","199456","","449409","","Cyrus Polu","UTAH","35","LB","57","5","8","0","0","2"
"","199508","","465121","","Zaydrius Rainey-Sale","WASHINGTON","23","LB","61","3","4","0","0","7"
"","199544","","451385","","Mike Hastie","W VIRGINIA","22","LB","3","1","0","0","0","0"
"","199577","","449273","","Cooper Catalano","WISCONSIN","44","LB","131","7","25","2","6","9"
"","199612","","449302","","Griffin Collins","BOSTON COL","43","LB","22","3","3","0","0","0"
"","199720","","450802","","Richmond Ugochukwu","HOUSTON","30","LB","5","1","0","0","0","0"
"","199752","","455807","","Zach Weeks","LSU","35","LB","30","2","0","0","1","1"
"","199763","","458865","","Jaiden Braker","LSU","15","LB","7","1","1","0","0","1"
"","199772","","448999","","Charles Ross II","LSU","26","LB","14","1","0","0","0","0"
"","199789","","448967","","Emmanuel Karmo","MINNESOTA","02","LB","90","9","9","0","5","5"
"","199797","","453542","","Christian Jones","NEBRASKA","50","LB","6","2","1","0","0","0"
"","199801","","449146","","Dawson Merritt","NEBRASKA","40","LB","106","8","8","0","2","2"
"","199805","","453556","","Pierce Mooberry","NEBRASKA","56","LB","4","2","1","0","0","0"
"","199843","","449206","","Madden Faraimo","NOTRE DAME","19","LB","51","4","6","0","0","4"
"","199866","","453497","","Eli Lee","OHIO STATE","33","LB","6","1","1","0","0","0"
"","199867","","449048","","Riley Pettijohn","OHIO STATE","20","LB","45","5","6","0","2","2"
"","199869","","449234","","Gavin Nix","OREGON","13","LB","36","3","1","0","0","0"
"","199891","","0","","Cam Smith","PENN STATE","26","LB","1","1","0","0","0","0"
"","199895","","455920","","Alex Tatsch","PENN STATE","25","LB","37","2","6","1","1","2"
"","199948","","453933","","Donovan Darden","S CAROLINA","27","LB","1","1","1","0","0","0"
"","199965","","451095","","Brenden Anes","TENNESSEE","55","LB","25","4","0","0","0","3"
"","199972","","451137","","Jadon Perlotte","TENNESSEE","27","LB","94","6","7","0","4","5"
"","199976","","451104","","Jaedon Harmon","TENNESSEE","12","LB","64","5","10","0","2","6"
"","199989","","449388","","Noah Mikhail","TEXAS A&M","16","LB","47","7","6","1","0","2"
"","200101","","450695","","Tavion Wallace","ARKANSAS","25","LB","11","2","3","0","0","1"
"","200120","","449448","","Ty Jackson","FLORIDA","07","LB","7","1","0","0","0","0"
"","200164","","449200","","Kellen Wiley Jr.","MIAMI FL","30","LB","14","2","6","0","3","4"
"","204138","","456033","","Kainoa Winston","MICHIGAN","28","LB","11","1","2","0","0","1"
"","204175","","455907","","LaCorian Hodge","NC STATE","35","LB","35","3","3","0","0","0"
"","204192","","468379","","Carl'veon Young","OKLA STATE","38","LB","2","1","0","0","0","0"
"","204391","","461002","","Donnell Johnson","UCF","49","LB","3","1","2","0","0","0"
"","204471","","449050","","Kaleb Burns","BAYLOR","41","LB","101","6","14","2","2","7"
"","204480","","449462","","Myles Johnson","FLORIDA","44","LB","13","1","4","0","0","0"
"","205099","","455964","","Tyshun Willis","MISS STATE","41","LB","4","1","0","0","1","0"
"","205241","","449476","","Jake Bauer","N CAROLINA","44","LB","15","1","1","0","0","0"
"","205331","","464262","","Marcus James","OKLAHOMA","28","LB","2","1","0","0","0","0"
"","205358","","456044","","Kamar Archie","RUTGERS","36","LB","16","3","3","0","0","0"
"","205447","","453455","","AJ Tuitele","USC","54","LB","11","1","0","0","0","0"
"","205450","","449581","","Matai Tagoa'i","USC","44","LB","30","3","3","0","0","1"
"","205490","","449739","","Austin Howard","VANDERBILT","34","LB","33","4","3","1","0","1"
"","205496","","461040","","Josiah Broxton","VANDERBILT","36","LB","1","1","0","0","0","0"
"","205500","","461035","","Noah Chambers","VA TECH","16","LB","175","5","24","0","2","11"
"","206315","","453361","","Mason Posa","WISCONSIN","08","LB","136","7","28","0","1","5"
"","207805","","460992","","Myron Robinson","ARIZONA","10","LB","38","4","6","0","0","2"
"","207808","","449370","","Zacari Thomas","BOSTON COL","28","LB","15","3","2","0","0","1"
"","207816","","399619","","Will Straka","BOSTON COL","58","LB","18","1","1","0","0","1"
"","208876","","451407","","Cam Torbor","W VIRGINIA","46","LB","3","1","1","0","0","0"