"Rank","Player Id","Player GSIS","Player College GSIS","Player Sportradar Id","Name","Team","#","POS","SNAPS","GAMES","SK","HU","TKL ALL","Runs"
"","70617","","453999","","Ethan Higgins","UCF","68","T","3","1","0","0","0","3"
"","72324","","400115","","Sonny Makasini","BYU","51","G","190","8","0","2","1","95"
"","73741","","385661","","Aluma Nkele","MINNESOTA","70","T","33","1","0","0","0","24"
"","74236","","386591","","Mason Murphy","AUBURN","76","T","597","9","10","12","3","265"
"","75288","","391427","","Tegra Tshabola","OHIO STATE","77","G","367","8","0","8","9","176"
"","81675","","350022","","Reuben Unije","UCLA","71","T","400","8","1","12","6","159"
"","86142","","351938","","Carson Lee","W VIRGINIA","55","C","140","6","0","0","4","95"
"","98070","","348784","","Tyler Brown","COLORADO","56","G","5","1","0","0","0","5"
"","98229","","349287","","Vic Cutler","LOUISVILLE","59","G","36","2","0","0","0","17"
"","98239","","324680","","Zion Nelson","SMU","60","T","104","4","0","1","1","41"
"","98550","","326024","","Adrian Medley","FLORIDA ST","76","G","484","8","1","14","9","252"
"","99041","","328249","","Jakai Moore","N CAROLINA","55","T","450","8","0","19","3","180"
"","99437","","349982","","Taylor Poitier","KANSAS ST","69","G","505","9","0","9","4","219"
"","100263","","330242","","Xavior Gray","NWESTERN","63","T","19","2","0","1","0","16"
"","100518","","351673","","Ben Coleman","ARIZONA ST","62","C","381","6","0","2","9","171"
"","101579","","336492","","Matthew Bedford","OREGON","77","G","79","5","0","0","2","50"
"","102324","","325715","","Keagen Trost","MISSOURI","79","T","572","8","2","5","4","269"
"","103865","","353924","","Evan Beerntsen","NWESTERN","60","G","530","8","0","4","6","275"
"","108560","","377348","","Michael Flores","LOUISVILLE","51","G","38","4","0","0","2","23"
"","121508","","374252","","Brady Wilson","VIRGINIA","76","C","383","6","1","4","0","174"
"","121781","","429525","","Rodney Newsom Jr.","S CAROLINA","65","C","179","6","3","1","3","77"
"","121819","","348728","","Lance Robinson","LOUISVILLE","53","G","504","8","2","3","3","200"
"","122156","","348220","","Walker Parks","CLEMSON","64","G","195","7","0","3","1","87"
"","122177","","348311","","Ty'Kieast Crawford","W VIRGINIA","74","T","497","8","2","13","8","281"
"","122253","","383950","","Markell Samuel","OKLA STATE","70","T","76","1","0","1","0","38"
"","122451","","352088","","Rasheed Miller","LOUISVILLE","60","T","518","8","2","11","8","209"
"","122526","","349496","","Tyler Miller","IOWA STATE","66","T","610","9","1","7","7","281"
"","122543","","350533","","Ar'maj Reed-Adams","TEXAS A&M","55","G","460","8","0","10","6","227"
"","122626","","349640","","Carver Willis","WASHINGTON","50","T","271","5","1","7","3","129"
"","122692","","350087","","Kobe Baynes","KANSAS","70","G","547","9","0","11","8","244"
"","122700","","349420","","Austin Collins","SYRACUSE","51","C","479","8","3","9","1","175"
"","122856","","373304","","Anthony Carter Jr.","NC STATE","75","G","399","7","0","10","4","182"
"","122874","","391493","","Matt McCabe","NC STATE","66","G","1","1","0","0","0","1"
"","122916","","350506","","Nate Anderson","SMU","69","G","122","9","0","2","5","48"
"","122956","","348579","","Cade Bennett","TCU","60","G","333","7","1","6","7","117"
"","123125","","352288","","Logan Parr","SMU","71","G","442","9","0","4","4","174"
"","123265","","348711","","Dillon Wade","AUBURN","52","G","530","9","1","11","6","229"
"","123396","","348262","","Luke Petitbon","FLORIDA ST","51","C","519","8","0","1","6","263"
"","123401","","348263","","George Sell","WAKE","77","G","525","8","1","7","7","217"
"","123439","","348296","","Jordan White","VANDERBILT","53","C","533","9","1","10","5","217"
"","123458","","349616","","David Ndukwe","HOUSTON","77","T","25","2","0","2","0","14"
"","123530","","362193","","Dwayne Allick","BOSTON COL","53","C","222","4","0","9","2","70"
"","123537","","362222","","Kevin Cline","BOSTON COL","79","T","499","8","2","12","5","184"
"","123561","","366856","","Gavin Gerhardt","CINCINNATI","53","C","532","9","0","4","6","250"
"","123577","","348759","","Jake Renfro","WISCONSIN","57","C","225","4","1","2","6","120"
"","123682","","386807","","Trevonte Sylvester","LOUISVILLE","70","T","251","6","0","5","2","117"
"","123732","","351367","","Patrick Barnett","UCF","50","G","33","2","0","0","0","21"
"","123761","","349113","","Paul Rubelt","UCF","69","T","392","7","1","5","4","164"
"","123886","","349196","","Chase Mitchell","VANDERBILT","50","G","506","9","0","10","5","211"
"","123915","","351584","","Damieon George Jr.","FLORIDA","70","G","413","8","1","7","5","179"
"","123963","","372755","","Jalen St. John","PURDUE","74","G","443","8","1","8","4","182"
"","124008","","350031","","Jeremiah Wright","AUBURN","77","G","551","9","5","12","7","246"
"","124011","","366887","","Austin Blaske","N CAROLINA","58","T","336","5","1","16","6","135"
"","124027","","385958","","Cameron Kinnie","UCF","55","G","302","8","0","2","4","128"
"","124029","","361945","","Chad Lindberg","N CAROLINA","69","C","443","8","0","4","6","176"
"","124053","","384841","","Deondre Buford","CINCINNATI","56","T","454","9","0","15","11","210"
"","124091","","350143","","Marcus Dumervil","ARKANSAS","74","T","20","2","0","0","1","9"
"","124098","","350145","","Xavier Hill","COLORADO","71","G","507","8","2","7","10","210"
"","124141","","367668","","Cedric Melton","HOUSTON","76","T","84","4","1","2","2","58"
"","124335","","350947","","Aki Ogunbiyi","COLORADO","74","G","5","1","0","0","0","5"
"","124347","","351333","","Jason Brooks Jr.","HOUSTON","73","G","376","8","0","6","9","196"
"","124371","","349580","","Joshua Braun","KENTUCKY","75","G","576","8","3","5","11","257"
"","124386","","362948","","Richie Leonard IV","FLORIDA ST","67","G","510","8","0","10","8","259"
"","125373","","349748","","Will O'Steen","N CAROLINA","73","G","305","8","1","11","5","124"
"","125681","","393242","","James Brockermeyer","MIAMI FL","52","C","519","8","0","7","11","247"
"","126259","","381506","","Noah Josey","VIRGINIA","77","G","607","9","0","4","11","287"
"","126666","","411207","","Joe Crocker","BAYLOR","78","G","6","1","0","0","0","5"
"","128427","","385205","","Emmanuel Pregnon","OREGON","75","G","433","8","0","2","8","206"
"","128961","","395547","","Fisher Anderson","STANFORD","74","C","539","9","1","11","3","227"
"","129434","","375499","","Kahlil Benson","INDIANA","67","T","577","9","1","12","9","313"
"","129473","","384850","","Logan Jones","IOWA","65","C","468","8","1","2","9","246"
"","129593","","350339","","Jeff Persi","PITTSBURGH","78","T","244","5","1","6","3","86"
"","129659","","350390","","Martes Lewis","NWESTERN","75","T","338","8","1","2","2","190"
"","129684","","350217","","Turner Corcoran","NEBRASKA","69","T","230","9","1","4","3","107"
"","129773","","360981","","Nick Dawkins","PENN STATE","53","C","487","8","1","3","7","227"
"","129877","","350820","","Bryan Felter","RUTGERS","65","G","654","9","2","7","9","273"
"","129909","","386663","","Isaiah Wright","MARYLAND","74","G","443","8","0","9","5","154"
"","129912","","384499","","Dylan Barrett","IOWA STATE","61","G","388","9","1","7","3","185"
"","129922","","393454","","Kerry Kodanko","WISCONSIN","73","G","186","6","1","3","5","96"
"","130364","","351193","","Jalen Grant","NC STATE","74","C","592","9","1","9","3","250"
"","130396","","351201","","Alex Wollschlaeger","KENTUCKY","50","T","576","8","2","18","13","257"
"","130496","","351296","","Marcellus Marshall","MINNESOTA","74","G","540","9","2","12","7","229"
"","130632","","351582","","Vinny Sciury","TEXAS TECH","71","G","74","5","0","0","1","46"
"","131773","","369165","","Drake Metcalf","VIRGINIA","60","G","599","9","1","8","6","284"
"","131791","","359523","","Bruno Fina","DUKE","75","T","539","8","1","13","4","197"
"","131826","","351945","","Courtland Ford","UCLA","77","T","399","7","6","19","6","173"
"","131856","","361843","","Alex Harrison","UTAH","79","C","128","6","0","2","0","83"
"","131859","","351706","","Jaren Kump","UTAH","68","C","575","8","0","6","8","301"
"","131879","","361858","","Tanoa Togiai","UTAH","73","G","627","9","0","6","6","326"
"","131898","","373131","","Geirean Hatchett","WASHINGTON","56","G","509","8","2","8","8","220"
"","131906","","387258","","Gaard Memmelaar","UCF","64","G","273","8","0","1","2","113"
"","131930","","384796","","Fa'alili Fa'amoe","WAKE","79","T","455","7","2","8","10","186"
"","131938","","387186","","Devin Kylany","WAKE","70","C","525","8","0","4","2","217"
"","132433","","359850","","Caleb Carter","MICH STATE","72","G","494","9","2","18","7","214"
"","133127","","393524","","Walter Young Bear","W VIRGINIA","54","G","543","8","1","6","11","308"
"","138220","","365418","","Hunter Zambrano","TEXAS TECH","57","T","57","2","0","0","0","28"
"","138471","","352538","","Tyshawn Wyatt","VIRGINIA","56","T","28","3","0","1","1","17"
"","139059","","352590","","Jabari Brooks","UCF","62","G","290","8","0","4","2","123"
"","141684","","353162","","Austin Leausa","BYU","55","G","303","8","0","2","2","154"
"","141844","","386824","","Bryce Henderson","VANDERBILT","55","T","505","9","1","17","4","204"
"","142181","","353754","","Chubba Maae","ARIZONA","55","G","369","8","0","6","4","151"
"","143063","","379504","","Christo Kelly","N CAROLINA","53","C","19","1","0","0","1","13"
"","143870","","368377","","Justin Pickett","DUKE","77","G","546","8","1","12","10","200"
"","143914","","388515","","Joe Fusile","GA TECH","67","G","457","9","0","7","3","237"
"","143948","","406517","","Ryan Rodriguez","MIAMI FL","76","C","67","8","0","0","0","48"
"","143976","","362396","","Diego Pounds","OLE MISS","61","T","663","9","0","9","7","333"
"","143987","","360368","","Lyndon Cooper","PITTSBURGH","56","C","608","9","3","4","6","224"
"","144020","","361515","","Terrence Enos Jr.","KANSAS ST","74","T","69","6","0","1","0","35"
"","144041","","391813","","Enrique Cruz Jr.","KANSAS","77","T","459","9","2","9","3","205"
"","144103","","385277","","Bob Schick","OKLA STATE","76","G","588","9","1","15","8","264"
"","144121","","367035","","Tristan Leigh","CLEMSON","71","T","282","5","0","9","6","91"
"","144122","","361566","","Ryan Linthicum","CLEMSON","53","C","549","8","1","9","7","208"
"","144133","","367034","","Dietrick Pennington","CLEMSON","59","G","12","5","0","1","1","11"
"","144191","","366086","","Matt Gulbin","MICH STATE","51","C","608","9","2","3","3","260"
"","144205","","383425","","Nick Sharpe","S CAROLINA","52","G","206","5","1","5","4","89"
"","144243","","406078","","Josh Atkins","ARIZONA ST","53","T","605","9","3","14","6","257"
"","144276","","384485","","Mak Pounders","LOUISVILLE","66","T","92","4","0","2","3","37"
"","144516","","372636","","Ryan Lengyel","BAYLOR","62","G","707","9","2","13","5","274"
"","144542","","387506","","Tyler Maro","IOWA STATE","50","T","37","3","0","0","0","27"
"","144544","","387473","","Jim Bonifas","IOWA STATE","63","C","631","9","0","4","6","293"
"","144564","","448785","","Hank Kelly","KANSAS","57","G","14","2","0","0","0","10"
"","144567","","388757","","Corey Robinson II","ARKANSAS","51","T","601","9","0","16","8","254"
"","144599","","384444","","Andrew Leingang","KANSAS ST","56","T","526","9","2","6","7","236"
"","144601","","388797","","Sam Hecht","KANSAS ST","75","C","570","9","0","7","3","259"
"","144626","","367527","","Savion Byrd","SMU","54","T","423","8","0","11","0","163"
"","144756","","373381","","Jacoby Jackson","MISS STATE","75","G","602","9","3","8","8","284"
"","144783","","361992","","Tomas Rimac","VA TECH","55","G","616","9","2","9","5","287"
"","144805","","378668","","Josh Kreutz","ILLINOIS","64","C","517","8","2","10","3","223"
"","144808","","385546","","Josh Gesky","ILLINOIS","73","G","583","9","1","6","4","260"
"","144857","","362490","","Michael Myslinski","IOWA","53","C","36","4","0","0","0","26"
"","144859","","386308","","Gennings Dunker","IOWA","67","T","439","8","2","3","9","235"
"","144860","","378658","","Beau Stephens","IOWA","70","G","419","8","0","1","5","218"
"","144924","","361034","","Greg Crippen","MICHIGAN","51","C","562","9","0","6","10","291"
"","144925","","367782","","Giovanni El-Hadi","MICHIGAN","58","G","348","6","1","3","6","189"
"","144927","","371998","","Tristan Bounds","ARIZONA","71","T","505","8","1","12","6","206"
"","144942","","373273","","Dominick Giudice","MISSOURI","56","G","579","8","1","8","11","272"
"","144952","","366337","","Kevin Wigenton II","VIRGINIA","78","G","248","6","0","8","3","114"
"","144953","","366341","","Geno VanDeMark","ALABAMA","56","G","367","7","1","4","4","150"
"","145003","","360057","","Henry Lutovsky","NEBRASKA","59","G","546","9","0","7","6","230"
"","145004","","361752","","Teddy Prochazka","NEBRASKA","65","T","270","6","4","9","4","108"
"","145039","","393367","","Josh Thompson","LSU","56","G","515","8","0","6","4","196"
"","145040","","393090","","Jackson Carsello","NWESTERN","65","C","528","8","1","6","10","273"
"","145042","","379106","","Caleb Tiernan","NWESTERN","72","T","530","8","1","6","5","275"
"","145062","","387041","","Zen Michalski","INDIANA","75","T","158","8","1","1","2","97"
"","145114","","383419","","Mahamane Moussa","LOUISVILLE","71","T","365","8","1","11","5","148"
"","145131","","385190","","Tyler Needham","RUTGERS","56","T","558","9","4","11","14","228"
"","145132","","373266","","Gus Zilinskas","RUTGERS","59","C","642","9","0","9","7","263"
"","145134","","391604","","Terrence Salami","RUTGERS","73","C","41","5","0","0","0","28"
"","145164","","368457","","JP Benzschawel","WISCONSIN","67","G","35","2","0","0","2","17"
"","145172","","383891","","Riley Mahlman","WISCONSIN","71","T","474","8","3","7","11","238"
"","145179","","386778","","Nolan Rucci","PENN STATE","72","T","391","8","1","10","3","186"
"","145245","","362551","","Carson Bruno","TCU","62","G","443","8","1","9","8","172"
"","145324","","362028","","Febechi Nwaiwu","OKLAHOMA","54","G","584","9","0","2","4","239"
"","145550","","385712","","Jordan Brown","ARIZONA","76","G","21","1","0","1","0","5"
"","145678","","361712","","Nolan Gorczyca","KANSAS","59","T","192","8","0","4","2","105"
"","145705","","380023","","Davis Heinzen","WISCONSIN","74","C","184","4","2","2","4","93"
"","145719","","361986","","Keegan Smith","UCF","77","G","261","8","2","1","1","108"
"","145817","","391658","","Will Jados","TEXAS TECH","76","G","540","9","1","6","3","242"
"","145875","","377052","","Pete Nygra","LOUISVILLE","50","C","518","8","0","5","6","207"
"","146066","","385572","","Ka'ena Decambra","ARIZONA","52","C","511","8","1","3","3","197"
"","146116","","368188","","Ise Matautia","ARIZONA","50","G","28","3","0","0","2","20"
"","146185","","361698","","Fernando Carmona","ARKANSAS","55","G","598","9","0","6","10","251"
"","146274","","361918","","Isaia Glass","VANDERBILT","72","T","533","9","1","13","6","218"
"","146294","","383921","","Bastian Swinney","CAL","76","G","7","1","0","0","1","5"
"","146309","","387629","","Akili Calhoun","CAL","59","G","14","5","0","0","0","14"
"","146393","","415648","","Yutaka Mahe","UCLA","67","T","39","4","1","3","0","23"
"","146394","","441749","","Noah Pulealii","UCLA","68","C","3","1","0","0","0","3"
"","146395","","359548","","Garrett DiGiorgio","UCLA","72","G","516","8","2","12","8","208"
"","146417","","386130","","Ty Buchanan","ARIZONA","75","T","464","8","1","10","3","183"
"","146438","","367979","","Koli Faaiu","TEXAS A&M","61","C","194","8","0","1","2","98"
"","146439","","383389","","Michael Mokofisi","UTAH","52","G","595","9","0","10","5","308"
"","146440","","360669","","Zereoue Williams","UTAH","76","T","68","6","0","0","1","51"
"","146540","","391155","","Charlie Pickard","OREGON","70","C","68","6","0","0","1","50"
"","146597","","384735","","TJ Ferguson","SYRACUSE","69","G","606","9","1","7","16","220"
"","146598","","394975","","Jaeden Roberts","ALABAMA","77","G","201","6","0","1","2","65"
"","146692","","384479","","Austin Barber","FLORIDA","58","T","506","8","2","12","3","208"
"","146693","","384480","","Jake Slaughter","FLORIDA","66","C","499","8","1","1","6","205"
"","146694","","446440","","Yousef Mugharbil","NC STATE","71","G","57","3","0","4","0","33"
"","146695","","412353","","Hayden Clem","FLORIDA","59","C","8","1","0","0","0","4"
"","146718","","361957","","Micah Morris","GEORGIA","56","G","527","8","0","1","7","250"
"","146741","","361667","","Jager Burton","KENTUCKY","62","C","575","8","0","6","7","257"
"","146767","","373128","","Kimo Makane'ole","W VIRGINIA","56","G","515","8","0","5","10","265"
"","146812","","385910","","Micah Pettus","FLORIDA ST","57","T","375","7","0","3","6","206"
"","146815","","385916","","Jayden Williams","OLE MISS","50","T","666","9","1","14","12","333"
"","146846","","400066","","Canon Boone","MISS STATE","72","C","637","9","1","4","9","300"
"","146848","","382722","","Albert Reese IV","MISS STATE","76","T","395","6","3","7","4","187"
"","146881","","372043","","Connor Tollison","MISSOURI","55","C","570","8","2","9","11","268"
"","146959","","385510","","Gunnar Hansen","FLORIDA ST","55","T","518","8","0","13","8","262"
"","146961","","385622","","Charlie Clark","VANDERBILT","73","T","13","4","0","0","0","10"
"","146990","","386266","","Dametrious Crownover","TEXAS A&M","78","T","513","8","0","11","6","257"
"","146992","","361037","","Reuben Fatheree II","TEXAS A&M","76","T","77","4","0","1","2","40"
"","146994","","362776","","Bryce Foster","KANSAS","61","C","544","9","0","10","7","243"
"","147012","","361019","","Jordan Spasojevic-Moko","CAL","66","G","572","9","2","12","7","217"
"","147014","","384870","","Remington Strickland","TCU","55","G","309","8","0","0","7","145"
"","147018","","371994","","Matthew Wykoff","HOUSTON","74","G","474","9","0","10","4","239"
"","147019","","371991","","Trey Zuhn III","TEXAS A&M","60","T","483","8","1","5","12","237"
"","147024","","372617","","Troy Everett","OKLAHOMA","52","C","39","1","0","0","0","17"
"","147153","","383395","","Kamryn Waites","FLORIDA","75","G","95","6","0","2","0","38"
"","147281","","386418","","Montavious Cunningham","VA TECH","66","G","233","4","0","5","7","101"
"","147455","","385570","","Shiyazh Pete","KENTUCKY","73","T","576","8","5","17","11","257"
"","147478","","379744","","Rocco Spindler","NEBRASKA","50","G","501","9","1","3","10","218"
"","147482","","400122","","Pat Coogan","INDIANA","78","C","600","9","0","7","8","313"
"","147834","","391430","","Kyle Sfarcioc","BYU","64","G","280","8","1","1","3","151"
"","148284","","383878","","Sidney Fugar","BAYLOR","69","T","534","8","1","15","12","200"
"","148417","","366687","","Keith Gouveia","PITTSBURGH","66","G","213","4","2","2","0","75"
"","148837","","393261","","Ethan Sipe","VIRGINIA","74","G","100","7","0","1","0","61"
"","148892","","384541","","Jacob Rizy","FLORIDA ST","64","G","235","7","0","5","0","104"
"","148952","","372885","","Trevor Mayberry","MISS STATE","61","G","196","8","0","1","1","89"
"","149139","","382784","","Brennan Smith","MISS STATE","53","C","16","3","0","0","1","11"
"","150060","","367840","","Jimeto Obigbo","ARIZONA ST","55","G","499","9","1","10","3","210"
"","150677","","385129","","William Huntsinger","TEXAS A&M","58","C","13","1","0","0","1","9"
"","151098","","377377","","Logan Taylor","BOSTON COL","65","G","625","9","5","14","4","218"
"","151103","","398450","","Jack Witmer","VIRGINIA","68","T","533","9","1","16","9","244"
"","151198","","357714","","Derek Simmons","OKLAHOMA","66","T","341","6","1","5","3","151"
"","154759","","363108","","Da'Metrius Weatherspoon","SYRACUSE","57","T","619","9","4","9","2","226"
"","155391","","376918","","Tommy Matheson","BOSTON COL","73","G","65","2","0","1","2","33"
"","155401","","395078","","Will Reed","GA TECH","66","G","6","2","0","0","0","3"
"","155966","","384449","","Ethan Onianwa","OHIO STATE","78","G","66","5","0","0","1","40"
"","156167","","407675","","Demetrius Hunter","HOUSTON","59","C","593","9","0","6","9","305"
"","156223","","394627","","Jude Bowry","BOSTON COL","71","T","383","7","0","14","2","136"
"","156248","","388731","","Blake Miller","CLEMSON","78","T","550","8","1","7","3","208"
"","156251","","388507","","Collin Sadler","CLEMSON","50","G","458","7","2","18","6","175"
"","156282","","385603","","Jaylen Early","MISSOURI","50","G","52","3","0","0","3","44"
"","156283","","385559","","Julian Armella","UCLA","74","G","208","6","0","4","4","76"
"","156325","","411241","","Sam Secrest","LOUISVILLE","72","C","38","4","0","0","2","23"
"","156349","","395569","","Trevyon Green","N CAROLINA","78","T","16","2","0","0","0","13"
"","156350","","385616","","Zach Rice","SYRACUSE","55","G","17","2","0","0","0","10"
"","156362","","399511","","Ryan Baer","PITTSBURGH","70","T","604","9","5","16","4","221"
"","156377","","407045","","Noah Hartsoe","VIRGINIA","58","C","48","5","0","0","1","25"
"","156387","","386607","","McKale Boley","VIRGINIA","52","T","568","9","1","6","13","269"
"","156390","","407061","","Blake Steen","MISS STATE","54","T","41","1","0","2","1","16"
"","156399","","399522","","Carter Smith","INDIANA","65","T","600","9","0","4","9","313"
"","156401","","391919","","Bray Lynch","INDIANA","74","G","600","9","2","6","21","313"
"","156425","","415829","","Jack Dotzler","IOWA","71","T","125","7","1","3","1","66"
"","156451","","394713","","Andre Roye Jr.","COLORADO","52","T","97","5","0","3","1","33"
"","156455","","386473","","Maximus McCree","WASHINGTON","77","T","202","5","1","13","3","77"
"","156464","","412009","","Justin Evans","NEBRASKA","51","C","546","9","0","7","3","230"
"","156503","","399724","","Kwabena Asamoah","RUTGERS","69","G","654","9","1","6","4","273"
"","156504","","412436","","Dantae Chin","RUTGERS","76","T","98","2","1","0","0","42"
"","156546","","399037","","Naeer Jackson","LOUISVILLE","57","T","36","2","0","1","0","21"
"","156590","","386762","","Sterling Porcher","VANDERBILT","79","G","52","5","0","1","0","34"
"","156597","","386775","","Keylan Rutledge","GA TECH","77","G","598","9","0","3","12","318"
"","156612","","392373","","Howard Sampson","TEXAS TECH","79","T","606","9","2","8","5","280"
"","156645","","407579","","Evan Wibberley","KENTUCKY","58","C","3","2","0","0","0","2"
"","156713","","386856","","Carter Miller","UCF","52","C","530","8","0","12","5","215"
"","156763","","387161","","Zarian McGill","COLORADO","58","C","579","9","0","6","8","241"
"","156877","","385972","","Daniel King","N CAROLINA","52","G","463","8","2","5","6","194"
"","156964","","406068","","Ashton Craig","NOTRE DAME","70","C","352","6","2","7","3","173"
"","156973","","406077","","Aamil Wagner","NOTRE DAME","59","T","497","8","1","5","9","252"
"","156975","","429056","","Joey Tanona","PURDUE","79","T","625","9","4","12","11","250"
"","156979","","406076","","Billy Schrauth","NOTRE DAME","74","G","436","7","0","2","4","223"
"","157022","","398456","","E'Marion Harris","ARKANSAS","76","T","511","8","2","13","4","211"
"","157025","","412564","","Andrew Chamblee","SMU","74","T","238","6","1","4","3","83"
"","157068","","418226","","Aliou Bah","MARYLAND","66","G","454","8","0","5","4","153"
"","157074","","412103","","Earnest Greene III","GEORGIA","71","T","180","4","0","5","4","83"
"","157119","","391737","","Bo Bordelon","LSU","67","G","19","4","0","0","1","12"
"","157144","","387276","","Percy Lewis","OLE MISS","73","T","15","1","0","0","0","9"
"","157152","","429092","","Val Erickson","NC STATE","50","G","59","4","0","0","2","30"
"","157160","","428412","","Curtis Peagler","MISSOURI","77","G","554","8","1","4","4","267"
"","157168","","426795","","Tristan Wilson","MISSOURI","73","C","116","7","0","2","4","79"
"","157187","","398837","","David Siegel","VANDERBILT","77","G","7","1","0","0","0","4"
"","157231","","387050","","J.C. Davis","ILLINOIS","74","T","583","9","2","8","2","260"
"","157250","","395546","","Michael Wooten","ARIZONA","77","G","193","7","2","3","2","87"
"","157269","","412399","","Jake Maikkula","OKLAHOMA","69","C","593","9","2","1","11","251"
"","157296","","426922","","Quinton Harris","TCU","54","T","340","8","0","6","2","144"
"","157304","","387210","","Cole Hutson","TEXAS","54","C","381","6","1","7","8","174"
"","157336","","416056","","Sheridan Wilson","TEXAS TECH","72","C","618","9","0","2","3","281"
"","157352","","393342","","Dylan Ray","MINNESOTA","73","T","523","9","5","13","3","217"
"","157364","","412660","","Landen Livingston","W VIRGINIA","67","C","542","8","1","2","10","291"
"","157418","","415739","","Jacarrius Peak","NC STATE","65","T","593","9","2","2","5","250"
"","157425","","432100","","Rylan Vann","NC STATE","55","C","19","1","0","0","0","9"
"","157431","","386503","","Bruce Mitchell","BYU","63","C","519","8","1","4","6","266"
"","157483","","431765","","Tony Nelson","MINNESOTA","59","G","58","4","0","0","2","43"
"","157497","","414119","","Ashton Beers","MINNESOTA","78","C","535","9","1","7","8","225"
"","157498","","428918","","Cade McConnell","VANDERBILT","70","G","507","9","2","16","12","205"
"","157535","","426548","","Derrell Johnson II","WAKE","75","G","8","1","0","0","0","7"
"","157576","","449188","","Oluwafunto Akinshilo","UCLA","69","G","56","4","0","2","0","14"
"","157599","","387524","","James Neal III","IOWA STATE","75","T","611","9","4","14","4","281"
"","157611","","397734","","Brian Grant","TENNESSEE","73","T","63","3","0","0","1","32"
"","157622","","386087","","Addison Nichols","SMU","63","G","609","9","1","4","8","234"
"","157628","","385524","","Weylin Lapuaho","BYU","61","G","289","6","0","3","3","149"
"","157641","","423087","","Gunner Givens","VANDERBILT","56","G","89","6","0","0","2","44"
"","157642","","407671","","Johnny Garrett","VA TECH","79","T","447","7","1","15","2","228"
"","157653","","400016","","Xavier Chaplin","AUBURN","65","T","604","9","2","14","6","267"
"","157655","","394235","","Braelin Moore","LSU","61","C","433","8","1","3","6","163"
"","157695","","385988","","Alex Harkey","OREGON","71","T","480","8","0","8","6","228"
"","157745","","395403","","Jalen Farmer","KENTUCKY","52","G","576","8","1","6","6","257"
"","157766","","407386","","Drake Bequeaith","KANSAS ST","53","T","8","2","0","0","0","8"
"","157768","","406462","","Jalen Klemm","ARIZONA ST","70","T","92","7","3","2","1","38"
"","157770","","425505","","John Pastore","KANSAS ST","78","T","554","9","1","14","4","252"
"","157799","","393552","","Austin Kawecki","OKLA STATE","51","C","590","9","2","7","7","265"
"","157801","","466507","","Matthew Wade","OKLA STATE","61","T","4","1","0","0","0","4"
"","157806","","423484","","Davis Dotson","OKLA STATE","78","T","4","1","0","0","0","4"
"","157867","","412351","","Malachi Carney","GA TECH","72","T","514","9","4","9","7","272"
"","157982","","421201","","Kendall Stanley","PITTSBURGH","53","T","397","7","1","9","2","149"
"","158004","","387231","","Davion Carter","TEXAS TECH","56","G","605","9","1","2","4","277"
"","158081","","386740","","Jacob Sexton","OKLAHOMA","76","T","6","1","0","0","0","2"
"","158095","","456012","","Gunnar Allen","OKLAHOMA","57","C","5","2","0","0","0","5"
"","158106","","412639","","Chase Sweigart","S CAROLINA","67","G","8","1","0","0","0","6"
"","158110","","424628","","Mac Walters","S CAROLINA","66","G","15","2","0","0","0","7"
"","158126","","394946","","Cason Henry","S CAROLINA","75","T","115","4","0","1","1","58"
"","158136","","406302","","Noah McKinney","OKLA STATE","77","G","390","7","2","3","8","162"
"","158202","","385544","","Zylon Crisler","COLORADO","72","G","561","9","0","10","5","230"
"","158252","","387769","","Isaiah World","OREGON","76","T","478","8","1","4","3","227"
"","158295","","395358","","Joe Cruz","SYRACUSE","78","G","554","9","0","10","10","212"
"","158312","","399720","","Jackson Brown","PITTSBURGH","77","G","34","4","0","0","0","14"
"","158334","","387691","","Sioape Vatikani","CAL","71","G","606","9","3","14","5","232"
"","158375","","431667","","Gavin Broscious","MICH STATE","74","G","387","9","0","10","6","152"
"","158388","","406863","","Ashton Lepo","MICH STATE","66","T","189","4","1","2","2","79"
"","158392","","412524","","Braden Miller","CAL","77","T","193","7","1","2","1","85"
"","158395","","406876","","Kristian Phillips","MICH STATE","71","G","240","6","0","3","4","115"
"","158445","","396569","","Caden Kitler","ARKANSAS","52","C","520","8","0","10","11","214"
"","158463","","406027","","Kilian O'Connor","USC","67","C","240","5","0","2","2","125"
"","158492","","415734","","Tyler Knaak","NEBRASKA","75","G","108","5","0","1","2","47"
"","158501","","429029","","Keith Olson","UTAH","74","T","123","8","0","1","1","88"
"","158539","","391884","","Connor Jones","MICHIGAN","76","T","9","1","0","0","0","9"
"","158554","","412341","","Alvin Ebosele","HOUSTON","79","T","633","9","2","20","13","322"
"","158567","","415638","","Coleton Price","BAYLOR","72","C","587","8","1","7","3","218"
"","158571","","407203","","Kaden Sieracki","BAYLOR","74","T","693","9","0","29","8","267"
"","158645","","386267","","Kam Dewberry","ALABAMA","71","G","391","8","1","4","8","167"
"","158665","","398815","","Mark Nabou Jr.","TEXAS A&M","54","C","462","8","0","9","5","228"
"","158685","","386396","","PJ Williams","SMU","59","T","486","8","1","9","7","186"
"","158690","","386727","","Joe Brunner","WISCONSIN","56","G","472","8","0","5","12","237"
"","158693","","428530","","Drew Evans","INDIANA","62","G","534","8","0","3","9","271"
"","158736","","398805","","Wendell Moe Jr.","TENNESSEE","75","G","627","9","1","9","4","272"
"","158745","","406923","","Grayson Stovall","ARIZONA","78","C","67","4","0","0","1","43"
"","158777","","400004","","Drew Azzopardi","WASHINGTON","74","T","510","8","0","4","6","220"
"","159110","","422452","","Carlos Moore","MARYLAND","68","T","38","3","0","0","2","23"
"","160062","","381685","","McKenzie Agnello","HOUSTON","66","G","462","9","0","5","9","239"
"","160284","","407381","","Orion Irving","VANDERBILT","58","T","74","7","0","2","0","48"
"","161411","","386922","","Nolan Hay","S CAROLINA","62","C","51","3","0","0","2","23"
"","162446","","399535","","Luka Vincic","MICH STATE","70","G","47","2","0","1","0","18"
"","162464","","415659","","Niki Prongos","STANFORD","66","T","605","9","4","7","6","261"
"","162471","","407446","","Sam Yoon","UCLA","64","C","511","8","3","11","11","208"
"","162482","","397803","","Parker Brailsford","ALABAMA","72","C","548","8","0","3","10","214"
"","162663","","398366","","Jack Funke","BOSTON COL","72","G","6","1","0","0","0","4"
"","162688","","412122","","Chapman Pendergrass","CLEMSON","94","C","7","4","0","0","0","4"
"","162694","","407383","","Matt Craycraft","DUKE","72","C","545","8","4","8","10","199"
"","162699","","386182","","Brian Parker II","DUKE","53","T","547","8","0","8","5","201"
"","162732","","385925","","Anez Cooper","MIAMI FL","73","G","511","8","0","7","11","244"
"","162736","","385951","","Matthew McCoy","MIAMI FL","78","G","309","8","0","2","3","139"
"","162745","","407495","","Bo Burkes","N CAROLINA","57","C","1","1","0","0","0","1"
"","162771","","423554","","Isaiah Montgomery","PITTSBURGH","72","G","51","5","0","0","1","21"
"","162790","","386406","","Coltin Deery","TCU","51","C","496","8","2","4","5","193"
"","162815","","393393","","Andrew Gentry","BYU","75","T","510","8","0","10","6","264"
"","162829","","393402","","Dan Taraboi","MICHIGAN","66","G","1","1","0","0","0","1"
"","162842","","400015","","Nick Herzog","NWESTERN","74","G","19","2","0","0","2","16"
"","162846","","412530","","Deuce McGuire","NWESTERN","73","T","206","6","0","6","4","98"
"","162867","","400320","","Carson Hinzman","OHIO STATE","75","C","459","8","0","8","9","219"
"","162921","","406869","","Taj White","RUTGERS","54","T","559","8","2","14","6","242"
"","163098","","385813","","Taran Tyo","CINCINNATI","77","G","531","9","0","6","8","246"
"","163253","","450557","","Trevin Ostler","BYU","74","G","44","4","0","0","1","37"
"","163294","","391616","","Dave Iuli","OREGON","74","G","471","8","0","6","8","226"
"","163302","","391622","","Kawika Rogers","OREGON","73","G","53","4","0","0","1","35"
"","163424","","406819","","Teague Andersen","NC STATE","54","T","583","9","1","21","6","244"
"","163611","","400074","","Elijah Pritchett","NEBRASKA","57","T","300","9","4","3","8","144"
"","163628","","412565","","Brooks Edmonson","ARKANSAS","73","C","1","1","0","0","0","1"
"","163635","","386652","","Patrick Kutas","OLE MISS","75","G","665","9","1","8","3","332"
"","163653","","393638","","Preston Cushman","UCF","78","T","522","8","1","10","10","214"
"","163678","","429279","","Wesley Davis","MISS STATE","56","G","2","2","0","0","0","2"
"","163721","","400062","","Leyton Nelson","WISCONSIN","66","T","10","2","0","0","0","9"
"","163736","","412104","","Drew Bobo","GEORGIA","74","C","562","8","0","5","7","268"
"","163769","","397736","","Connor Meadows","UCF","58","T","68","4","0","2","2","36"
"","163808","","449884","","Kael Farkes","KANSAS","58","C","6","1","0","0","1","4"
"","163812","","386309","","James Livingston","KANSAS","71","G","33","3","0","0","1","23"
"","163837","","397108","","Malik Agbo","W VIRGINIA","65","T","178","6","0","1","3","102"
"","163844","","387204","","DJ Campbell","TEXAS","52","G","567","9","1","7","10","251"
"","163858","","385864","","Connor Robertson","TEXAS","62","C","293","6","0","9","3","131"
"","163866","","385869","","Neto Umeozulu","TEXAS","72","G","73","3","0","0","2","42"
"","163939","","405994","","Xavier Bausley","W VIRGINIA","78","T","2","1","0","0","0","2"
"","164024","","385850","","Donovan Haslam","W VIRGINIA","57","G","232","7","0","0","6","143"
"","164144","","407641","","Ethan Green","CINCINNATI","79","T","82","4","0","0","0","47"
"","164172","","397750","","Ian Harvie","PENN STATE","54","G","1","1","0","0","0","0"
"","164174","","391433","","Olaivavega Ioane","PENN STATE","71","G","378","7","0","1","3","168"
"","164180","","391436","","JB Nelson","KANSAS ST","54","G","139","6","0","3","0","59"
"","164183","","397752","","Dominic Rulli","PENN STATE","52","C","28","3","0","0","0","14"
"","164186","","391438","","Drew Shelton","PENN STATE","66","T","485","8","1","13","8","227"
"","164277","","387505","","Mickel Clay","W VIRGINIA","79","T","12","1","0","0","0","10"
"","164383","","393487","","Omar Aigbedion","BAYLOR","68","G","563","8","0","6","10","213"
"","164394","","399828","","Conner Moore","MICH STATE","58","T","575","9","5","17","5","240"
"","164490","","406494","","Lavaka Taukeiaho","OKLA STATE","72","G","1","1","0","0","0","1"
"","164737","","386806","","Lamar Robinson","CAL","78","C","50","2","0","0","1","20"
"","164827","","399759","","Joe Cotton","CINCINNATI","74","T","536","9","0","11","1","250"
"","164839","","414081","","Jordan Larsen","DUKE","64","G","443","8","1","12","10","158"
"","165008","","395376","","Rahtrel Perry","MARYLAND","76","T","482","8","0","11","10","169"
"","165690","","429827","","Dylan Kinney","TCU","61","G","21","2","0","1","0","9"
"","167108","","387287","","Melvin Priestly","ILLINOIS","58","T","551","9","2","8","7","234"
"","169904","","406742","","Jordan Church","LOUISVILLE","74","G","353","8","1","9","7","139"
"","169929","","406767","","Wallace Unamba","VIRGINIA","50","T","20","1","0","1","1","12"
"","169986","","433995","","LaJuan Owens","CAL","50","G","7","1","0","0","1","5"
"","170020","","412141","","Zack Owens","MISS STATE","52","G","439","9","2","5","4","211"
"","170023","","412142","","Ian Reed","CLEMSON","54","T","12","2","0","0","0","9"
"","170024","","412120","","Harris Sewell","CLEMSON","55","G","371","8","0","11","7","156"
"","170044","","431397","","Caleb Dorris","DUKE","66","T","26","5","0","0","0","22"
"","170055","","449432","","Reagan McCranie","DUKE","74","G","16","3","0","0","0","16"
"","170069","","425467","","Benjamin Galloway","GA TECH","74","T","14","3","0","2","0","6"
"","170073","","406252","","Ethan Mackenny","GA TECH","78","T","545","9","1","3","7","300"
"","170088","","406504","","Francis Mauigoa","MIAMI FL","61","T","520","8","2","3","8","248"
"","170089","","406505","","Samson Okunlola","MIAMI FL","63","G","259","8","0","0","5","135"
"","170127","","406987","","BJ Williams","PITTSBURGH","55","G","615","9","1","8","5","227"
"","170139","","436500","","Dane Steele","VIRGINIA","61","G","11","2","0","0","1","10"
"","170152","","429581","","Leighton Jones","IOWA","64","G","84","6","0","0","3","54"
"","170157","","429650","","Trevor Lauck","IOWA","59","T","400","8","0","2","9","213"
"","170160","","449511","","Cannon Leonard","IOWA","75","T","30","4","0","0","2","20"
"","170170","","425494","","Kade Pieper","IOWA","58","G","470","8","0","3","6","248"
"","170179","","449540","","Cael Winter","IOWA","61","G","7","3","0","0","1","6"
"","170227","","424783","","Gunnar Gottula","NEBRASKA","77","T","338","7","6","7","3","134"
"","170230","","429492","","Brock Knutson","NEBRASKA","74","G","19","2","0","0","1","12"
"","170234","","429495","","Jason Maciejczak","NEBRASKA","76","G","33","2","0","0","1","16"
"","170240","","429514","","Grant Seagren","OKLA STATE","74","T","527","8","0","8","11","236"
"","170241","","429517","","Sam Sledge","NEBRASKA","62","G","30","2","0","0","0","15"
"","170261","","415571","","Luke Montgomery","OHIO STATE","51","G","456","8","0","5","8","216"
"","170263","","428681","","Joshua Padilla","OHIO STATE","62","G","86","5","0","0","1","47"
"","170269","","429062","","Austin Siereveld","OHIO STATE","67","T","459","8","0","7","6","219"
"","170276","","428407","","Alex Birchmeier","PENN STATE","63","G","2","1","0","0","0","1"
"","170281","","412015","","Anthony Donkoh","PENN STATE","68","G","383","8","1","5","8","179"
"","170291","","412014","","Chimdy Onoh","PENN STATE","55","G","2","1","0","0","1","1"
"","170305","","412026","","J'ven Williams","PENN STATE","74","T","2","2","0","0","0","1"
"","170318","","449371","","John Stone","RUTGERS","71","G","29","4","0","0","0","18"
"","170351","","412585","","Andre Otto","FLORIDA ST","65","G","67","4","0","0","0","48"
"","170355","","428179","","Lucas Simmons","FLORIDA ST","79","T","75","3","0","0","3","56"
"","170372","","446334","","Rico Jackson","NC STATE","64","G","166","5","0","3","0","61"
"","170379","","463622","","Darion Rivers","NC STATE","73","T","22","1","0","0","1","11"
"","170391","","465167","","Cale Doyle","WAKE","66","T","2","1","0","0","0","2"
"","170462","","434024","","Ja'Marion Kennedy","WAKE","50","G","52","4","0","1","0","29"
"","170649","","416392","","Brady Norton","MICHIGAN","70","G","98","2","0","1","2","54"
"","170755","","406747","","Isaac Perez","ARIZONA","79","G","28","1","0","0","0","18"
"","170850","","419666","","Xavier Lozowicki","CINCINNATI","66","G","99","6","0","0","2","57"
"","171074","","406914","","Sullivan Absher","NOTRE DAME","75","G","128","8","0","1","0","64"
"","171095","","433951","","Joe Otting","NOTRE DAME","64","C","181","5","0","0","1","104"
"","171096","","423553","","Sam Pendleton","TENNESSEE","56","C","562","9","1","11","2","236"
"","171101","","433954","","Chris Terek","NOTRE DAME","55","G","36","4","0","2","1","24"
"","171425","","408204","","Jude McCoskey","PURDUE","72","T","24","6","0","2","0","17"
"","171590","","424680","","Moshood Giwa","RUTGERS","74","T","105","5","0","0","3","40"
"","171622","","418530","","Amir Johnson","BOSTON COL","51","T","7","1","0","0","1","5"
"","171870","","428908","","Rhino Tapa'atoutai","ARIZONA","59","T","139","5","2","7","1","59"
"","171881","","412638","","Max Iheanachor","ARIZONA ST","58","T","673","9","0","9","7","280"
"","171884","","415793","","Sean Na'a","ARIZONA ST","74","G","1","1","0","0","0","1"
"","171888","","418218","","Kyle Scott","ARIZONA ST","77","G","658","9","2","15","8","278"
"","171896","","406868","","Isaiah Jatta","BYU","71","T","519","8","1","6","10","266"
"","171922","","424580","","Soane Faasolo","WASHINGTON","68","T","64","5","0","3","1","30"
"","171924","","415716","","Landen Hatchett","WASHINGTON","66","C","509","8","1","4","9","220"
"","171925","","415717","","Zachary Henning","WASHINGTON","58","C","29","5","0","0","1","20"
"","171941","","429723","","Kahlee Tafai","MINNESOTA","71","T","36","3","1","0","0","25"
"","172366","","408109","","Boaz Stanley","S CAROLINA","50","C","494","8","3","13","5","185"
"","172373","","406401","","Olaus Alinen","ALABAMA","73","G","23","5","0","1","1","14"
"","172376","","406416","","Wilkin Formby","ALABAMA","75","T","420","8","3","10","4","163"
"","172388","","406444","","Miles McVay","N CAROLINA","54","T","70","4","0","0","0","47"
"","172392","","412325","","Kadyn Proctor","ALABAMA","74","T","548","8","1","10","9","214"
"","172418","","428692","","Paris Patterson Jr.","SMU","78","G","4","2","0","0","0","4"
"","172429","","429599","","Joey Su'a","ARIZONA ST","54","G","8","1","0","0","0","7"
"","172453","","406268","","Tyler Johnson","AUBURN","79","T","7","1","1","0","0","2"
"","172454","","430423","","Bradyn Joiner","PURDUE","55","C","623","9","0","18","4","249"
"","172456","","406279","","Connor Lew","AUBURN","75","C","420","7","2","4","7","176"
"","172459","","412439","","Izavion Miller","AUBURN","72","G","167","8","2","3","3","73"
"","172467","","422383","","Tyree Adams","LSU","71","T","406","7","0","7","7","161"
"","172468","","458863","","Braden Augustus","LSU","74","C","15","1","0","0","0","6"
"","172473","","412772","","DJ Chester","LSU","79","C","155","5","2","6","3","59"
"","172477","","407519","","Lance Heard","TENNESSEE","53","T","621","9","1","12","6","269"
"","172488","","432017","","Paul Mubenga","LSU","65","G","232","6","1","2","3","101"
"","172514","","420372","","Ethan Fields","OLE MISS","77","G","20","3","0","0","0","17"
"","172527","","407525","","Brycen Sanders","OLE MISS","62","C","668","9","0","8","7","335"
"","172570","","412513","","Chase Bisontis","TEXAS A&M","71","G","495","8","0","5","5","245"
"","172597","","415699","","TJ Shanahan Jr.","PENN STATE","54","G","322","8","0","5","4","158"
"","172601","","415703","","Colton Thomasson","BAYLOR","77","G","18","2","0","0","2","11"
"","172633","","456257","","Keegan Wechsler","VANDERBILT","78","C","19","3","0","0","0","14"
"","172954","","407620","","Rasheed Jackson","TCU","75","G","22","2","0","1","0","16"
"","173035","","429648","","Evan Tengesdahl","CINCINNATI","50","G","500","9","0","4","6","236"
"","173040","","418165","","Cayden Bowie","HOUSTON","65","G","7","2","0","0","0","7"
"","173069","","426410","","Calvin Clements","KANSAS","75","T","503","9","4","19","7","226"
"","173124","","449700","","Devin Vass","KANSAS ST","79","G","300","6","0","8","8","150"
"","173146","","421131","","Cooper Powers","TCU","77","G","98","4","0","0","5","51"
"","173151","","416009","","Ben Taylor-Whitfield","TCU","56","T","534","8","3","4","6","210"
"","173154","","426741","","Jaydon Chatman","TEXAS","75","T","12","2","0","0","0","7"
"","173167","","449083","","Connor Stroh","TEXAS","79","G","307","6","2","5","13","142"
"","173185","","412658","","Nick Krahe","W VIRGINIA","52","T","648","9","1","11","20","359"
"","173193","","412668","","Johnny Williams IV","MISSOURI","60","T","52","3","0","0","1","44"
"","173280","","406351","","Melvin Siani","WAKE","71","T","525","8","0","6","3","217"
"","173292","","406290","","Kasen Carpenter","OKLA STATE","52","C","74","5","0","0","0","42"
"","173328","","429783","","Jordan Hall","N CAROLINA","66","T","46","1","0","0","0","33"
"","173351","","429868","","Delano Townsend","OLE MISS","51","G","568","8","3","5","3","291"
"","173357","","416062","","Jayvin Q. James","MISS STATE","77","T","545","8","2","10","6","253"
"","173402","","428275","","Phillip Daniels","OHIO STATE","70","T","458","8","1","10","3","219"
"","173406","","415683","","Greg Johnson","MINNESOTA","65","G","535","9","1","5","8","225"
"","173548","","407358","","Monroe Freeling","GEORGIA","57","T","505","8","2","4","8","239"
"","173550","","439367","","Joshua Miller","SYRACUSE","73","C","214","6","0","8","1","73"
"","173636","","444034","","Nick Fattig","STANFORD","60","G","126","3","0","0","4","59"
"","173648","","429878","","Daniel Sill","TEXAS TECH","74","T","70","5","0","2","0","44"
"","173685","","407023","","Joshua Bates","SMU","64","C","608","9","0","8","5","233"
"","173697","","407071","","Cayden Green","MISSOURI","70","T","432","6","1","2","4","194"
"","173702","","407077","","Logan Howland","OKLAHOMA","71","T","221","5","0","11","1","92"
"","173715","","407289","","Heath Ozaeta","OKLAHOMA","77","G","398","7","1","10","5","170"
"","173957","","408783","","Jahzari Priester","VA TECH","72","T","1","1","0","0","0","1"
"","173990","","415663","","Tavake Tuikolovatu","KANSAS","54","G","163","8","1","3","4","75"
"","174027","","408035","","Brandon Henderson","ILLINOIS","75","G","552","9","2","10","13","243"
"","174029","","428272","","TJ McMillen","ILLINOIS","55","C","84","6","0","1","0","51"
"","174039","","421124","","Amir Herring","KANSAS","56","G","433","9","0","6","10","210"
"","174051","","428510","","Stanton Ramil","MICH STATE","65","T","163","5","2","6","2","90"
"","174057","","406305","","Dylan Senda","AUBURN","71","T","13","1","0","0","0","5"
"","174127","","406691","","Gernorris Wilson","OREGON","78","T","112","8","0","0","4","80"
"","174128","","406602","","Iapani Laloulu","OREGON","72","C","470","8","1","4","7","221"
"","174216","","406501","","Solatoa Moea'i","UTAH","62","G","294","9","0","1","3","180"
"","174217","","406457","","Spencer Fano","UTAH","55","T","627","9","0","6","8","326"
"","174221","","406030","","Elijah Paige","USC","72","T","238","5","0","2","3","120"
"","174222","","429986","","Nick Morrow","CAL","52","T","112","6","0","5","1","57"
"","174226","","405981","","Nolan Latulippe","CINCINNATI","72","T","9","1","0","0","1","7"
"","174244","","406381","","Knijeah Harris","FLORIDA","77","G","449","8","3","8","5","186"
"","174252","","431505","","Caden Jones","FLORIDA","63","T","404","8","1","17","7","171"
"","174253","","428358","","Roderick Kearney","FLORIDA","71","G","120","6","0","4","2","40"
"","174256","","428366","","Bryce Lovett","FLORIDA","53","T","134","7","0","6","0","50"
"","174307","","425478","","Jakobe Sanders","OKLA STATE","75","G","188","6","0","1","5","100"
"","174310","","451307","","Gage Stanaland","OKLA STATE","79","G","35","5","0","0","1","27"
"","174317","","431737","","Markee Anderson","S CAROLINA","58","G","63","3","1","4","0","28"
"","174356","","454024","","Andrew Phelan","UCF","75","G","3","1","0","0","0","3"
"","174358","","428370","","Matthew Prigmore","UCF","74","C","6","1","0","0","0","6"
"","174645","","429387","","Sean Thompkins","BAYLOR","65","T","205","7","2","5","6","92"
"","174658","","418129","","Brendan Black","IOWA STATE","51","G","544","9","4","7","6","249"
"","174661","","429398","","Trevor Buhr","IOWA STATE","70","G","310","6","0","3","1","146"
"","174666","","449796","","Easton Eledge","IOWA STATE","77","C","5","1","0","0","0","5"
"","174703","","449681","","James Glover-Tyson","LOUISVILLE","67","T","1","1","0","0","0","1"
"","174729","","406974","","Larry Johnson III","COLORADO","53","T","447","9","1","15","7","196"
"","174746","","412293","","Shamurad Umarov","TENNESSEE","74","G","507","9","1","12","8","227"
"","174783","","423086","","Layth Ghannam","VA TECH","56","G","426","8","1","5","1","221"
"","174785","","434035","","Hannes Hammer","VA TECH","67","T","17","4","0","1","0","12"
"","174953","","429012","","Bakyne Coly","PURDUE","78","T","616","9","4","27","10","246"
"","174973","","429058","","Ethan Trent","PURDUE","76","G","485","7","1","10","9","185"
"","175012","","429916","","Kaden Chidester","BYU","79","T","14","2","0","0","1","14"
"","175022","","450509","","Jake Griffin","BYU","77","T","25","3","0","0","1","18"
"","175153","","431730","","Koby Keenum","MISS STATE","50","C","11","3","0","0","0","11"
"","175163","","427762","","Malachi Wood","KENTUCKY","71","T","14","5","0","0","0","13"
"","175333","","431389","","Michael Crounse","BOSTON COL","77","C","419","8","1","6","5","159"
"","175334","","431390","","Eryx Daugherty","BOSTON COL","56","G","462","7","1","10","6","150"
"","175342","","428696","","Ryan Mickow","BOSTON COL","58","T","92","5","1","7","1","27"
"","175380","","414596","","Tommy Kinsler IV","MIAMI FL","62","T","44","4","0","1","0","26"
"","175412","","428541","","Ryan Carretta","PITTSBURGH","71","G","440","9","2","8","3","164"
"","175421","","428552","","Tai Ray","PITTSBURGH","67","G","17","4","0","0","0","9"
"","175442","","436501","","Cole Surber","VIRGINIA","64","G","17","2","0","1","1","11"
"","175478","","453521","","Jacob Brandl","NEBRASKA","78","G","16","2","0","0","0","11"
"","175727","","407212","","Tyson Ruffins","CAL","56","C","576","9","0","7","10","221"
"","175798","","431772","","PJ Wilkins","OLE MISS","71","G","103","5","0","0","2","50"
"","175895","","407806","","Leon Bell","CAL","55","T","576","9","3","13","9","215"
"","175918","","412619","","Tree Babalade","S CAROLINA","51","T","421","7","1","18","3","166"
"","175919","","412622","","Trovon Baugh","S CAROLINA","78","G","450","8","3","13","5","201"
"","175929","","412637","","Jatavius Shivers","S CAROLINA","77","T","62","3","0","2","0","41"
"","175956","","443636","","Dezmond Schuster","ILLINOIS","63","T","29","4","0","0","0","25"
"","175982","","428522","","Austin Barrett","IOWA STATE","72","T","48","5","1","0","2","36"
"","176005","","429167","","Kamen Smith","NC STATE","79","G","396","8","1","9","2","164"
"","176030","","407308","","J'Onre Reed","USC","50","C","312","6","0","4","2","135"
"","176032","","407233","","Trevion Mack","SYRACUSE","75","T","433","7","0","9","8","169"
"","176075","","429212","","Devin McRae","WAKE","51","C","30","3","0","0","0","16"
"","176076","","429221","","George Steih","WAKE","73","G","447","7","3","10","3","179"
"","176146","","429598","","Grant Edgington","CINCINNATI","78","C","23","2","0","0","0","19"
"","176150","","448983","","Judea Milon","CINCINNATI","71","T","53","4","0","0","1","34"
"","176177","","430488","","Trevor Goosby","TEXAS","74","T","583","9","2","9","7","259"
"","176270","","433930","","Nathan Efobi","MICHIGAN","55","G","246","5","0","6","5","116"
"","176286","","456008","","Brooks Bahr","MICHIGAN","60","T","5","1","0","0","0","5"
"","176292","","428532","","Evan Link","MICHIGAN","71","T","373","7","1","7","10","179"
"","176330","","428429","","Bo Hughley","GEORGIA","55","T","199","7","0","2","2","94"
"","176436","","431858","","Dalton Merryman","HOUSTON","75","T","542","8","4","11","4","268"
"","176506","","434072","","Anthony Birsa","NWESTERN","64","C","19","2","0","0","0","17"
"","176507","","428830","","Alexander Doost","ARIZONA","63","G","524","8","1","7","6","203"
"","176536","","424602","","Makua Pule","ARIZONA ST","71","C","215","5","1","4","2","84"
"","176569","","445042","","Frederick Williams III","CAL","54","T","444","8","4","15","11","161"
"","176571","","412021","","Kareem Harden","COLORADO","55","T","104","4","0","2","0","49"
"","176595","","439341","","Lipe Moala","OREGON","79","G","10","2","0","0","0","8"
"","176606","","423544","","Luke Baklenko","OKLAHOMA","78","T","155","5","0","4","1","69"
"","176626","","412403","","Simione Pale","STANFORD","55","G","90","2","0","1","1","47"
"","176635","","412393","","Micah Banuelos","USC","59","G","345","6","0","6","10","156"
"","176640","","406032","","Alani Noa","USC","77","G","413","8","0","7","7","191"
"","176641","","407246","","Tobias Raymond","USC","73","T","511","8","0","11","5","241"
"","176646","","432039","","Amos Talalele","KANSAS ST","77","G","78","5","0","1","1","47"
"","176647","","449354","","Roger Alderman","UTAH","75","G","70","6","0","1","4","54"
"","176655","","415618","","Caleb Lomu","UTAH","71","T","627","9","0","4","2","326"
"","178738","","381507","","Bryce George","IOWA","79","G","9","2","0","0","0","6"
"","178749","","399632","","Lawrence Hattar","MICHIGAN","78","G","19","2","0","0","1","18"
"","181445","","389723","","Alan Herron","MARYLAND","71","T","490","8","0","10","3","169"
"","183055","","428459","","Jamal Meriweather","GEORGIA","72","G","29","3","0","1","2","18"
"","183190","","449323","","Jadon Lafontant","BOSTON COL","69","G","3","1","0","0","0","1"
"","183201","","436388","","Ronan O'Connell","CLEMSON","77","G","33","4","0","0","0","14"
"","183204","","431636","","Elyjah Thurmon","CLEMSON","52","G","123","3","0","3","1","40"
"","183205","","431637","","Mason Wade","CLEMSON","76","T","3","1","0","0","0","3"
"","183209","","428181","","Tana Alo-Tupuola","GA TECH","58","C","304","7","0","4","5","160"
"","183220","","429646","","Harrison Moore","GA TECH","52","C","456","7","0","6","3","256"
"","183224","","449190","","Jameson Riggs","GA TECH","70","T","126","8","0","3","2","64"
"","183226","","431834","","Markel Bell","MIAMI FL","70","T","520","8","0","5","6","248"
"","183238","","431865","","Deryc Plazz","MIAMI FL","79","T","12","1","0","0","0","10"
"","183286","","436497","","Grant Ellinger","VIRGINIA","65","G","38","4","0","0","1","25"
"","183294","","436502","","Dane Wleklinski","VIRGINIA","70","T","16","3","0","0","1","15"
"","183295","","436503","","Ben York","VIRGINIA","72","T","167","8","2","1","6","93"
"","183311","","449107","","Jayden Todd","FLORIDA ST","78","G","41","2","0","0","1","33"
"","183317","","429820","","Ransom McDermott","LOUISVILLE","77","T","1","1","0","0","0","1"
"","183324","","428339","","Aidan Banfield","N CAROLINA","68","G","185","4","1","2","5","88"
"","183335","","431789","","Jani Norwood","N CAROLINA","56","T","1","1","0","0","0","1"
"","183365","","446337","","Robby Martin","W VIRGINIA","63","G","6","1","0","0","0","4"
"","183389","","453655","","Jack Hines","WAKE","78","G","75","3","0","2","2","31"
"","183397","","449246","","Clinton Richard","WAKE","65","G","78","1","0","0","0","38"
"","183479","","430147","","Tyler Mercer","KANSAS","52","C","44","3","0","0","0","33"
"","183503","","437137","","Brandon Hansen","ILLINOIS","66","G","67","6","0","0","1","46"
"","183513","","449136","","Zafir Stewart","ILLINOIS","79","T","5","1","0","0","0","4"
"","183514","","449282","","Eddie Tuerk","ILLINOIS","78","G","5","1","0","0","0","4"
"","183525","","436653","","Logan Bennett","MARYLAND","69","G","4","1","0","0","1","3"
"","183526","","445015","","Ryan Howerton","MARYLAND","75","G","88","5","0","0","2","48"
"","183550","","429450","","Grant Brix","NEBRASKA","66","T","5","1","0","0","0","3"
"","183577","","453579","","Jake Peters","NEBRASKA","58","C","33","2","0","0","1","16"
"","183589","","453627","","Preston Taumua","NEBRASKA","68","T","19","2","0","0","0","12"
"","183597","","436400","","Eagan Boyer","PENN STATE","64","T","4","1","0","0","0","2"
"","183600","","428419","","Cooper Cousins","PENN STATE","50","G","77","6","1","3","2","41"
"","183612","","449155","","Garrett Sexton","PENN STATE","70","T","28","3","0","0","0","14"
"","183623","","431756","","Kaylon Miller","USC","60","G","95","5","0","1","0","49"
"","183629","","453658","","Kalolo Ta'aga","UTAH","58","T","16","1","0","0","0","14"
"","183630","","431766","","Justin Tauanuu","USC","74","T","511","8","1","13","1","241"
"","183636","","431575","","Paki Finau","WASHINGTON","53","G","262","8","0","3","3","116"
"","183653","","441712","","Ryan Cory","WISCONSIN","50","C","98","4","1","5","2","43"
"","183654","","444022","","Colin Cubberly","WISCONSIN","78","G","252","5","1","5","7","123"
"","183667","","441716","","Emerson Mandell","WISCONSIN","75","T","481","8","3","5","8","241"
"","183684","","449710","","Blake Frazier","MICHIGAN","77","T","236","9","0","2","7","144"
"","183685","","439252","","Jake Guarnera","MICHIGAN","53","G","447","8","2","5","9","238"
"","183697","","453484","","Deontae Armstrong","OHIO STATE","72","T","15","1","0","0","0","13"
"","183704","","431882","","Ian Moore","OHIO STATE","69","T","32","4","0","0","0","23"
"","183714","","428988","","Jaden Ball","MINNESOTA","58","G","33","1","0","1","1","24"
"","183715","","455947","","Jaekwon Bouldin","MISS STATE","73","G","8","1","0","0","0","8"
"","183725","","429049","","John Randle Jr.","PURDUE","50","T","1","1","0","0","0","1"
"","183729","","428871","","Matthew Lado","ARIZONA","73","T","54","3","0","2","0","36"
"","183746","","445716","","Terrell Kim","ARIZONA ST","73","G","2","1","0","0","0","2"
"","183755","","449682","","Champ Westbrooks","ARIZONA ST","76","T","23","2","0","0","0","14"
"","183759","","450460","","Joe Brown","BYU","72","G","38","1","0","0","1","31"
"","183801","","455894","","Jake Wheelock","CINCINNATI","59","G","9","1","0","0","0","7"
"","183827","","446306","","Ryan Hughes","TCU","70","T","232","5","1","3","3","89"
"","183867","","449398","","Reece Parmenter","UTAH","64","G","67","6","0","0","0","51"
"","183886","","428355","","Jordan Seaton","COLORADO","77","T","561","9","2","5","6","233"
"","183888","","450768","","Larry Crawford","HOUSTON","70","G","22","3","0","0","1","15"
"","183901","","467631","","Kyle Rakers","KANSAS ST","55","C","8","2","0","0","0","8"
"","184097","","428771","","Anthonie Knapp","NOTRE DAME","54","T","489","8","1","7","5","252"
"","184101","","449211","","Styles Prescod","NOTRE DAME","71","T","45","5","0","2","1","25"
"","184380","","445013","","Kobe Branham","ARKANSAS","50","G","576","9","2","8","8","243"
"","184443","","458867","","Ethan Calloway","LSU","73","T","3","1","0","0","0","2"
"","184448","","432004","","Weston Davis","LSU","75","T","445","7","4","20","7","174"
"","184451","","432006","","Coen Echols","LSU","78","G","323","8","1","11","8","112"
"","184470","","444394","","Ory Williams","LSU","77","T","26","1","0","1","0","11"
"","184473","","443074","","Talan Chandler","NWESTERN","50","C","6","2","0","0","0","5"
"","184479","","447866","","Ryan Jostes","MISSOURI","71","G","5","2","0","0","0","5"
"","184485","","428454","","Jayven Richardson","MISSOURI","75","T","195","4","2","3","3","115"
"","184490","","436664","","Blake Franks","S CAROLINA","71","T","14","1","0","1","0","12"
"","184497","","436671","","Kam Pringle","SYRACUSE","77","T","50","4","0","1","2","19"
"","184501","","429666","","Josiah Thompson","S CAROLINA","74","T","496","9","2","18","6","196"
"","184502","","428955","","Brandon Baker","TEXAS","73","T","610","9","0","14","9","278"
"","184506","","458948","","Daniel Cruz","TEXAS","51","C","11","1","0","0","0","7"
"","184528","","429308","","Naquil Betrand","SYRACUSE","60","T","173","6","0","0","1","54"
"","184537","","429330","","Joseph Ionata","ALABAMA","69","C","13","1","0","0","0","6"
"","184547","","446925","","William Sanders","ALABAMA","70","G","126","7","0","3","1","44"
"","184553","","428401","","Daniel Calhoun","GEORGIA","70","G","43","3","0","1","0","17"
"","184556","","431685","","Nyier Daniels","GEORGIA","79","T","19","2","0","0","0","13"
"","184570","","447579","","Henry Peagler","GEORGIA","60","G","6","1","0","0","0","3"
"","184581","","431693","","Michael Uini","GEORGIA","52","T","141","4","0","5","3","78"
"","184585","","451337","","Josh Aisosa","W VIRGINIA","59","G","37","4","0","0","0","33"
"","184586","","431426","","Daniel Akinkunmi","OKLAHOMA","75","G","2","1","0","0","0","2"
"","184590","","428292","","Eugene Brooks","UCLA","55","G","463","7","2","9","4","190"
"","184638","","436606","","Aba Selm","KENTUCKY","53","G","2","1","0","0","0","2"
"","184658","","456065","","Kenny Jones","RUTGERS","77","T","11","1","0","0","0","6"
"","184729","","445019","","Nathan Roy","MINNESOTA","50","T","537","9","3","3","9","228"
"","184758","","429300","","Jimothy Lewis Jr.","MISS STATE","74","T","251","5","4","3","4","127"
"","184767","","429342","","Luke Work","MISS STATE","51","G","128","6","1","2","1","70"
"","184802","","431462","","Ashton Funk","TEXAS A&M","73","T","19","3","0","0","1","12"
"","184804","","431469","","Blake Ivy","TEXAS A&M","52","G","19","3","0","1","0","12"
"","184821","","449104","","Koltin Sieracki","BAYLOR","66","G","276","7","0","7","7","123"
"","184843","","449201","","Trent Ferguson","OREGON","56","T","36","5","0","0","1","33"
"","184856","","450640","","Shaq McRoy","ARKANSAS","71","T","58","8","1","0","1","30"
"","184879","","433994","","Max Anderson","TENNESSEE","71","G","66","2","0","1","1","33"
"","184890","","429234","","Jesse Perry","TENNESSEE","72","T","531","9","0","10","6","231"
"","184891","","429240","","William Satterwhite","TENNESSEE","50","C","116","6","0","2","3","61"
"","184900","","433984","","Holton Hendrix","TEXAS TECH","53","C","17","1","0","0","1","12"
"","184909","","433987","","Jacob Ponton","TEXAS TECH","70","T","598","9","3","8","3","269"
"","184936","","449429","","Aidan Lynch","VA TECH","76","T","511","8","2","22","3","243"
"","184939","","447533","","Tommy Ricard","VA TECH","58","G","156","4","3","9","1","55"
"","184995","","431439","","Clinton Azubuike","VANDERBILT","51","T","27","1","0","0","0","15"
"","186164","","431661","","Nathan Knapik","ILLINOIS","71","T","7","3","0","0","0","7"
"","188196","","467622","","Aiden Pastoriza","CINCINNATI","73","G","7","1","0","0","0","7"
"","188246","","428631","","Terez Davis","OLE MISS","55","T","7","1","0","0","0","7"
"","188250","","428751","","Michael Hershey","MARYLAND","61","C","494","8","0","3","6","171"
"","188263","","436660","","Anthony Robsock","MARYLAND","78","T","17","1","0","0","1","12"
"","188267","","436661","","Trevor Szymanski","MARYLAND","50","C","57","7","0","1","1","38"
"","188268","","456327","","Davon Watkins","MARYLAND","73","T","31","3","0","0","0","19"
"","188497","","429358","","Hank Purvis","PURDUE","58","G","328","7","0","3","5","135"
"","188522","","453285","","Josh Raymond","FLORIDA ST","72","G","11","1","0","0","0","10"
"","188669","","453310","","Evan Lawrence","INDIANA","71","T","52","5","0","0","0","43"
"","188670","","428537","","Austin Leibfried","INDIANA","70","C","52","5","0","0","1","43"
"","188684","","447568","","Gus Hawkins","KANSAS ST","70","T","123","6","0","2","0","59"
"","188701","","453573","","Brett Carroll","MINNESOTA","56","C","38","1","0","0","1","28"
"","188730","","451166","","Nuku Mafi","OKLA STATE","69","T","580","9","1","12","8","265"
"","188779","","428416","","Eddy Pierre-Louis","OKLAHOMA","55","G","185","6","1","3","2","81"
"","188857","","443110","","Ziron Brown","STANFORD","51","G","292","6","3","11","8","124"
"","188868","","428311","","Kahlil House","STANFORD","58","T","574","9","5","21","7","241"
"","188885","","433999","","Jeremias Heard","TENNESSEE","51","T","4","1","0","0","0","2"
"","188894","","429260","","Bennett Warren","TENNESSEE","68","T","64","3","0","1","2","30"
"","189281","","430848","","William Boone","N CAROLINA","71","T","98","3","0","1","2","44"
"","189374","","436442","","Gemyel Allen","DUKE","76","G","19","5","0","0","0","19"
"","189394","","449468","","Jack Small","DUKE","70","T","3","2","0","0","0","3"
"","189397","","436443","","Bradley Smith","DUKE","63","G","134","8","1","4","3","73"
"","189533","","449550","","Jiavani Cooley","PITTSBURGH","51","T","65","5","0","2","1","29"
"","189551","","428665","","King Large","SMU","68","T","3","1","0","0","0","3"
"","189559","","428708","","Graham Uter","SMU","50","C","4","2","0","0","0","4"
"","189652","","450563","","Trevor Pay","BYU","67","C","41","2","0","0","0","34"
"","189662","","449087","","Kellen Francis","ILLINOIS","65","G","7","3","0","0","0","7"
"","189689","","449514","","Bodey McCaslin","IOWA","74","T","14","3","0","0","2","10"
"","189881","","433948","","Guerby Lambert","NOTRE DAME","76","G","485","8","1","5","8","253"
"","189914","","449369","","Kyle Altuner","VA TECH","62","C","621","9","2","11","12","292"
"","189915","","453295","","Lucas Austin","VA TECH","57","G","9","2","0","0","0","7"
"","189943","","445021","","Justin Terry","OHIO STATE","65","T","31","3","0","0","0","23"
"","190182","","0","","Tanner Chlupsa","BOSTON COL","76","C","1","1","0","0","0","1"
"","190188","","449309","","Souleye Diawara","BOSTON COL","78","T","7","1","0","0","0","5"
"","190198","","449362","","Judah Pruitt","BOSTON COL","52","G","40","3","0","1","1","17"
"","190247","","453701","","Nate Kibble","TEXAS","70","G","35","2","0","1","0","25"
"","190270","","447874","","Mark Faircloth","FLORIDA","76","T","33","2","0","0","0","14"
"","190281","","449504","","Jason Zandamela","FLORIDA","50","C","31","1","0","1","1","12"
"","190318","","439240","","Andrew Dennis","MICH STATE","77","G","1","1","0","0","0","1"
"","190323","","439241","","Rakeem Johnson","MICH STATE","55","G","81","4","0","3","1","32"
"","190332","","439244","","Rustin Young","MICH STATE","73","T","258","7","3","10","1","102"
"","190336","","453995","","Colin Cook","UCF","66","G","3","1","0","0","0","3"
"","190338","","453998","","Thomas Gearity","UCF","71","G","3","1","0","0","0","3"
"","190358","","449585","","Hayden Treter","USC","68","G","30","2","0","0","0","14"
"","190563","","447559","","Jonathan Daniels","FLORIDA ST","74","T","75","3","0","0","3","56"
"","190588","","429803","","Fred Johnson","LOUISVILLE","52","G","2","1","0","0","0","2"
"","190590","","429817","","Ellis McAdoo","LOUISVILLE","65","C","2","1","0","0","0","2"
"","190597","","429907","","Jimmy Williams III","LOUISVILLE","55","G","17","1","0","0","0","8"
"","190749","","428826","","Jack Tanner","KANSAS","74","T","17","2","0","0","0","15"
"","190778","","431437","","Yahya Attia","COLORADO","59","G","144","7","0","1","2","76"
"","190781","","443972","","Cash Cleveland","TEXAS TECH","52","G","94","3","0","2","2","48"
"","190812","","429284","","Hingano Hautau","HOUSTON","67","G","7","1","0","0","0","7"
"","190815","","453637","","Ronnell McLain","HOUSTON","53","T","10","2","0","0","0","10"
"","190831","","456015","","Luke Hamilton","MICHIGAN","50","G","1","1","0","0","0","1"
"","190840","","456027","","Ben Roebuck","MICHIGAN","73","G","14","1","0","0","0","14"
"","190841","","433941","","Andrew Sprague","MICHIGAN","54","T","558","9","0","9","11","293"
"","190880","","463582","","Idrys Cotton","NWESTERN","77","G","15","2","0","0","1","12"
"","190888","","444021","","Ezomo Oratokhai","NWESTERN","62","G","530","8","1","4","7","275"
"","190889","","453367","","Dennis Rahouski","NWESTERN","71","T","10","2","0","0","1","8"
"","190919","","449439","","Max Parrott","PURDUE","70","G","1","1","0","0","0","1"
"","190938","","449260","","Jensen Somerville","UCLA","66","T","3","1","0","0","0","3"
"","191149","","439228","","Marcus Harrison","GEORGIA","76","T","6","1","0","0","0","3"
"","191151","","428449","","Jahzare Jackson","GEORGIA","64","T","62","3","0","2","1","31"
"","191162","","449851","","Kene Anene","KANSAS","55","G","4","1","0","0","0","4"
"","191168","","449903","","Greydon Grimes","KANSAS","78","T","4","1","0","0","0","4"
"","191171","","448786","","Carter Lavrusky","KANSAS","65","T","20","2","0","0","0","15"
"","191174","","449962","","Eli Richmond","KANSAS","67","G","4","1","0","0","0","4"
"","191184","","450565","","Kavion Broussard","ARKANSAS","75","T","101","3","1","2","0","49"
"","191190","","429747","","Joe Koury","OLE MISS","69","C","2","2","0","0","0","2"
"","191195","","450694","","John Wayne Oliver","OLE MISS","76","C","20","2","0","0","0","14"
"","191203","","445755","","TJ Lockhart","MISS STATE","58","G","9","1","0","0","0","9"
"","191204","","455951","","Alex Lopez","MISS STATE","59","T","9","1","0","0","0","9"
"","191248","","446900","","Robert Bourdon","TEXAS A&M","70","T","85","8","0","0","1","43"
"","191268","","430358","","DeAndre Carter","AUBURN","78","G","16","3","0","0","0","8"
"","191303","","449669","","Wade Helton","ARIZONA ST","64","C","286","6","1","7","5","118"
"","191312","","448793","","Garret Rutledge","IOWA STATE","65","G","31","3","0","0","0","22"
"","191320","","449185","","Devin Brooks","OREGON","53","C","8","2","0","0","0","6"
"","191321","","447868","","Kade Caton","OREGON","85","T","14","4","0","0","1","14"
"","191322","","449192","","Fox Crader","OREGON","59","T","24","4","0","0","0","14"
"","191358","","450081","","D'Anthis Upshaw Jr.","TEXAS TECH","65","T","76","5","0","0","1","45"
"","192860","","428241","","Carter Guillaume","LOUISVILLE","56","G","11","2","0","0","0","8"
"","193152","","428514","","Adedamola Ajani","INDIANA","72","G","52","5","0","0","0","43"
"","193185","","0","","Simon Lorentz","OHIO STATE","64","C","4","1","0","0","0","4"
"","193193","","448340","","Gabe VanSickle","OHIO STATE","58","G","34","4","0","0","0","26"
"","197639","","466468","","Travis Brown-Miller","SYRACUSE","79","G","1","1","0","0","0","0"
"","197640","","455829","","Vito Shevchenko","SYRACUSE","68","T","3","1","0","0","0","3"
"","198092","","453612","","Jackson Lloyd","ALABAMA","78","T","19","3","0","0","1","10"
"","198094","","453601","","Michael Carroll","ALABAMA","64","T","178","7","0","4","1","76"
"","198119","","468341","","Maki Stewart","ARIZONA ST","59","G","40","3","1","0","0","13"
"","198154","","453470","","Tai Buster","AUBURN","58","T","8","1","0","0","0","5"
"","198226","","450587","","Andrew Williams","BYU","68","T","4","1","0","0","0","4"
"","198438","","453290","","Chavez Thompson","FLORIDA ST","52","C","62","3","0","0","0","48"
"","198460","","448943","","Juan Gaston","GEORGIA","73","T","261","7","0","7","2","129"
"","198469","","449024","","Mason Short","GEORGIA","75","G","6","1","0","0","0","3"
"","198471","","449025","","Cortez Smith","GEORGIA","50","C","46","3","0","1","0","27"
"","198537","","467601","","Matt Marek","INDIANA","77","G","21","2","0","0","0","18"
"","198548","","453313","","Baylor Wilkin","INDIANA","61","G","23","3","0","0","1","20"
"","198549","","456079","","Lucas Allgeyer","IOWA","60","G","21","1","0","0","1","14"
"","198585","","436883","","DeAndre Harper","KANSAS","72","T","4","1","0","0","0","4"
"","198602","","463609","","Dylan Villarouel","KANSAS ST","71","G","10","2","0","0","1","3"
"","198706","","449677","","Tyler Folmar","LOUISVILLE","76","T","2","1","0","0","0","2"
"","198710","","0","","Gradey Anthony","LOUISVILLE","61","T","2","1","0","0","0","2"
"","198727","","449592","","Jaylen Gilchrist","MARYLAND","70","T","18","1","0","0","0","6"
"","198796","","456029","","Kaden Strayhorn","MICHIGAN","75","C","14","1","0","0","1","14"
"","198803","","456013","","Avery Gach","MICHIGAN","74","G","6","1","0","0","1","6"
"","198857","","455952","","Saquon Miles","MISS STATE","71","T","11","1","0","0","0","7"
"","198863","","451327","","Jakheem Shumpert-Perkins","MISS STATE","55","T","12","2","0","0","1","8"
"","198869","","455949","","Spencer Dowland","MISS STATE","65","T","9","1","0","0","0","9"
"","198875","","449169","","Henry Fenuku","MISSOURI","54","G","20","3","0","0","1","17"
"","198886","","0","","Jack Lange","MISSOURI","76","T","4","1","0","0","0","4"
"","198891","","461055","","Keiton Jones","MISSOURI","68","G","8","2","0","0","0","7"
"","198971","","450148","","Spike Sowells Jr.","NC STATE","72","G","199","6","1","5","0","71"
"","199036","","450090","","Ryan Fodje","OKLAHOMA","70","T","243","8","1","7","4","108"
"","199046","","453297","","Michael Fasusi","OKLAHOMA","56","T","415","7","2","8","1","180"
"","199089","","467637","","Akram Elnagmi","PITTSBURGH","60","T","2","1","0","0","0","2"
"","199094","","449526","","Giordano Vaccaro","PURDUE","62","C","1","1","0","0","0","1"
"","199130","","456076","","Chris Vigna","RUTGERS","67","G","23","1","0","0","0","12"
"","199161","","450193","","Dramodd Odoms","SMU","75","T","36","3","1","0","0","16"
"","199180","","450182","","Abel Hoopii","SMU","58","G","7","2","0","0","1","6"
"","199233","","455833","","Byron Washington","SYRACUSE","76","G","187","6","1","7","2","65"
"","199268","","449882","","Witten Van Hoy","TCU","50","T","22","2","0","0","0","16"
"","199294","","458931","","Nick Brooks","TEXAS","71","G","221","5","4","13","2","101"
"","199307","","450071","","Patrick McMath","TEXAS TECH","50","C","54","3","0","0","1","30"
"","199312","","450015","","Connor Carty","TEXAS TECH","61","G","35","3","0","2","2","20"
"","199381","","454012","","LaParka Langston","UCF","53","T","3","1","0","0","0","3"
"","199383","","454027","","Noah Senka","UCF","67","G","3","1","0","0","0","3"
"","199410","","0","","Alex Payne","USC","71","T","1","1","0","0","0","1"
"","199412","","0","","Willi Wascher","USC","52","C","1","1","0","0","0","1"
"","199419","","449483","","Aaron Dunn","USC","70","T","28","1","0","0","1","13"
"","199422","","449594","","Elijah Vaikona","USC","79","T","41","2","0","0","0","19"
"","199518","","449356","","John Mills","WASHINGTON","72","G","262","6","0","6","4","112"
"","199524","","453713","","Champ Taulealea","WASHINGTON","73","G","13","1","0","0","0","8"
"","199543","","451397","","Brandon Homady","W VIRGINIA","71","T","8","2","0","0","0","7"
"","199572","","453353","","Nolan Davenport","WISCONSIN","60","G","3","1","0","0","0","3"
"","199628","","448932","","Brayden Jacobs","CLEMSON","74","T","236","7","1","8","0","99"
"","199681","","453330","","Kevin Peay Jr.","GA TECH","51","G","4","1","0","0","0","2"
"","199683","","453332","","Josh Petty","GA TECH","69","T","17","5","0","1","0","10"
"","199687","","453325","","Peyton Joseph","GA TECH","71","T","4","1","0","0","0","2"
"","199754","","453339","","Carius Curne","LSU","57","T","143","4","1","3","2","47"
"","199794","","0","","Brian Tapu","NEBRASKA","63","T","1","1","0","0","0","0"
"","199795","","453536","","Shawn Hammerbeck","NEBRASKA","79","T","13","2","0","0","1","9"
"","199796","","453546","","Houston Ka'aha'aina-Torres","NEBRASKA","67","C","14","2","0","0","0","10"
"","199841","","458774","","Matty Augustine","NOTRE DAME","58","T","22","2","0","0","0","15"
"","199857","","453499","","Carter Lowe","OHIO STATE","74","T","15","1","0","0","1","13"
"","199860","","453488","","Jake Cook","OHIO STATE","76","G","17","3","0","0","0","15"
"","199861","","453500","","Jayvon McFadden","OHIO STATE","71","G","15","1","0","0","1","13"
"","199875","","449223","","Demetri Manning","OREGON","50","G","8","2","0","0","0","6"
"","199878","","449178","","Ziyare Addison","OREGON","58","T","8","2","0","0","0","6"
"","199881","","449247","","Douglas Utu","OREGON","55","G","9","3","0","0","0","7"
"","199901","","449105","","Owen Aliciene","PENN STATE","77","T","22","1","0","0","0","11"
"","199949","","453956","","Shedrick Sarratt Jr.","S CAROLINA","72","G","297","7","0","5","1","122"
"","199958","","453911","","Damola Ajidahun","S CAROLINA","55","T","40","4","1","2","1","15"
"","199963","","453405","","Nic Moore","TENNESSEE","58","C","15","1","0","0","0","8"
"","199964","","461041","","David Sanders Jr.","TENNESSEE","70","T","216","5","2","4","1","86"
"","199970","","453406","","Antoni Ogumoro","TENNESSEE","55","G","66","2","0","0","1","33"
"","200080","","450659","","LJ Prudhomme","ARKANSAS","56","G","11","1","0","0","1","5"
"","200099","","450606","","Kash Courtney","ARKANSAS","53","C","103","3","0","5","2","50"
"","200100","","450585","","Blake Cherry","ARKANSAS","70","G","22","2","0","0","0","10"
"","200111","","456259","","Matthew Parker","BAYLOR","71","T","18","2","0","0","0","11"
"","200114","","456233","","Harrison Cluff","BAYLOR","75","G","18","2","0","0","0","11"
"","200145","","455982","","Darrin Strey","KENTUCKY","69","T","2","1","0","0","0","2"
"","200151","","453535","","Seuseu Alofaituli","MIAMI FL","65","G","63","6","1","0","3","43"
"","200170","","453538","","Max Buchanan","MIAMI FL","66","G","43","3","0","0","0","25"
"","200269","","455861","","Grayson Reid","VIRGINIA","51","G","10","1","0","0","1","9"
"","200275","","455862","","Will Rosen","VIRGINIA","67","G","3","1","0","0","0","3"
"","200277","","455858","","Jim Harris Jr.","VIRGINIA","55","T","3","1","0","0","0","3"
"","200280","","455853","","Jon Adair","VIRGINIA","79","T","36","2","0","0","1","20"
"","200289","","449459","","Lamont Rogers","TEXAS A&M","79","T","17","2","0","0","0","10"
"","200305","","449596","","Amory Hills","MARYLAND","77","G","106","8","0","0","1","51"
"","200315","","448828","","Zak Yamauchi","STANFORD","68","G","136","3","3","3","1","60"
"","200324","","466525","","Josh Williams","STANFORD","62","G","198","3","1","4","3","88"
"","200326","","448825","","Emeka Ugorji","STANFORD","71","G","465","8","3","11","11","198"
"","203967","","453471","","Kail Ellis","AUBURN","51","C","204","5","1","8","2","99"
"","203970","","453490","","Jacobe' Ward","AUBURN","74","G","8","1","0","0","0","5"
"","203993","","450526","","Siosiua Latu-Finau","BYU","59","T","38","1","0","0","0","31"
"","204010","","461009","","Cole Allen","DUKE","62","T","13","2","0","0","0","13"
"","204079","","449803","","Vaea Ikakoula","IOWA STATE","54","G","29","1","0","0","0","21"
"","204091","","449931","","Anderson Kopp","KANSAS","73","C","4","1","0","0","0","4"
"","204092","","449985","","Antonio Wilson","KANSAS","76","T","10","1","0","0","0","6"
"","204134","","449686","","Cameron Gorin","LOUISVILLE","75","T","27","1","0","0","0","15"
"","204143","","456017","","Ty Haywood","MICHIGAN","79","T","6","1","0","0","0","6"
"","204236","","453260","","Zac Stascausky","OREGON","57","T","4","1","0","0","0","2"
"","204262","","467635","","Torian Chester","PITTSBURGH","68","C","7","1","0","0","2","6"
"","204331","","449489","","Tyler Thomas","TEXAS A&M","77","G","17","2","0","0","0","10"
"","204352","","450020","","Elias Gillen","TEXAS TECH","77","T","10","1","0","0","0","5"
"","204355","","450026","","Danilo Guberinich","TEXAS TECH","73","G","9","1","0","0","0","4"
"","204377","","417779","","Owen Spell","UCF","61","T","177","4","0","4","0","77"
"","204379","","466535","","Jacob Maiava","UCF","73","T","1","1","0","0","0","1"
"","204386","","454014","","Camp Lott","UCF","57","T","3","1","0","0","0","3"
"","204387","","454018","","RaiShaun McHaney","UCF","70","T","3","1","0","0","0","3"
"","204441","","453650","","Elliot Demaine","WAKE","67","T","32","3","0","1","2","18"
"","204454","","453659","","Aidan Martin","WAKE","72","T","34","3","2","0","0","19"
"","204865","","448948","","Dontrell Glover","GEORGIA","63","G","448","8","0","6","10","219"
"","204992","","455975","","Jayden Clark","KENTUCKY","79","G","2","1","0","0","0","2"
"","205068","","450669","","Connor Howes","OLE MISS","65","G","10","1","0","0","0","7"
"","205087","","450663","","Devin Harper","OLE MISS","70","T","21","3","0","0","2","17"
"","205094","","455962","","Breyden Turnage","MISS STATE","70","T","1","1","0","0","0","1"
"","205237","","449488","","Eidan Buchanan","N CAROLINA","72","T","62","3","0","1","4","37"
"","205325","","453496","","Isaiah Kema","OHIO STATE","56","C","11","1","0","0","1","9"
"","205357","","387737","","Justin Cesaire","RUTGERS","79","T","23","1","0","0","0","12"
"","205403","","458944","","Jordan Coleman","TEXAS","78","T","11","1","0","0","0","7"
"","205503","","456203","","Gavin Crawford","VA TECH","71","G","108","2","0","3","4","43"
"","207807","","0","","Pape Abdoulaye Sy","BOSTON COL","75","T","68","2","1","6","0","21"
"","207828","","449381","","DJ Williams","BOSTON COL","50","G","1","1","0","0","0","1"
"","207829","","456007","","Robert Smith IV","BOSTON COL","55","G","306","5","2","6","3","113"
"","208849","","453408","","Charlie Powell III","TENNESSEE","59","T","8","2","0","0","0","6"