"Rank","Player Id","Player GSIS","Player College GSIS","Player Sportradar Id","Name","Team","#","POS","SNAPS","GAMES","ATT","YCO","RB YCO/ATT","10+ RUSH","MTF RUN"
"","72376","","338868","","Cam Davis","MINNESOTA","23","HB","138","9","29","70","2.4","1","3"
"","76606","","304710","","Jalynn Williams","PITTSBURGH","35","HB","18","3","4","14","3.5","0","2"
"","78573","","325746","","Solomon Vanhorse","INDIANA","18","HB","10","4","9","23","2.6","1","1"
"","97303","","328073","","Enoch Nawahine","BYU","21","HB","42","4","8","24","3.0","0","0"
"","100835","","339690","","Oscar Adaway III","S CAROLINA","27","HB","162","9","39","101","2.6","2","8"
"","121492","","386880","","Justin Jones","AUBURN","35","HB","11","3","3","5","1.7","0","0"
"","122234","","348414","","Anderson Castle","DUKE","04","HB","175","8","58","201","3.5","6","9"
"","122318","","348884","","Braydon Bennett","VA TECH","24","HB","28","4","4","8","2.0","0","1"
"","122562","","348328","","Daniel Hishaw Jr.","KANSAS","09","HB","262","7","80","218","2.7","8","28"
"","122936","","349387","","Seth McGowan","KENTUCKY","03","HB","274","7","116","329","2.8","11","26"
"","123472","","348307","","Noah Whittington","OREGON","06","HB","136","6","52","194","3.7","9","11"
"","123680","","362514","","Stacy Sneed","HOUSTON","21","HB","102","6","34","88","2.6","5","7"
"","123939","","349220","","Roydell Williams","FLORIDA ST","05","HB","32","2","7","11","1.6","0","0"
"","124231","","360125","","Bradley Dunn","S CAROLINA","32","HB","1","1","0","0","0","0","0"
"","126959","","386285","","Alex Broome","BOSTON COL","20","HB","43","4","7","9","1.3","0","1"
"","127442","","361740","","AJ Green","ARKANSAS","20","HB","10","2","3","2","0.7","1","0"
"","129487","","351480","","Leshon Williams","KANSAS","04","HB","220","8","73","284","3.9","10","20"
"","129707","","361372","","Will Nixon","SYRACUSE","24","HB","312","9","70","185","2.6","5","7"
"","129732","","350483","","Cam Porter","NWESTERN","04","HB","59","2","20","110","5.5","4","4"
"","129782","","350267","","Caziah Holmes","FLORIDA ST","26","HB","31","5","17","46","2.7","3","3"
"","129914","","351341","","Jalen Berger","UCLA","00","HB","170","8","59","198","3.4","5","11"
"","130386","","351199","","Terion Stewart","VA TECH","08","HB","145","7","64","339","5.3","12","33"
"","130584","","351172","","Harrison Waylee","VIRGINIA","21","HB","94","8","56","226","4.0","9","6"
"","131674","","351415","","Shaadie Clayton-Johnson","SMU","24","HB","11","3","5","16","3.2","0","1"
"","131782","","351839","","EJ Smith","TEXAS A&M","22","HB","60","6","23","87","3.8","4","6"
"","138448","","352864","","Kaelon Black","INDIANA","08","HB","215","9","96","362","3.8","15","14"
"","142276","","353324","","Freddie Brock IV","OKLA STATE","25","HB","38","3","13","29","2.2","1","1"
"","143866","","362167","","Jaquez Moore","DUKE","09","HB","81","7","34","97","2.9","5","6"
"","143876","","367803","","CJ Campbell Jr.","RUTGERS","05","HB","48","3","23","86","3.7","4","5"
"","143915","","388514","","Daylon Gordon","GA TECH","21","HB","15","4","4","21","5.3","1","1"
"","143918","","362505","","Jamal Haynes","GA TECH","01","HB","340","9","97","292","3.0","10","13"
"","143964","","362385","","Caleb Hood","N CAROLINA","04","HB","85","5","16","32","2.0","0","0"
"","144099","","396171","","P.J. Prioleau","VA TECH","20","HB","59","7","13","36","2.8","1","1"
"","144107","","377626","","Malachi Thomas","PURDUE","24","HB","145","9","39","130","3.3","4","6"
"","144232","","372101","","Myles Montgomery","UCF","22","HB","357","8","119","427","3.6","20","29"
"","144541","","366998","","Eli Sanders","USC","01","HB","133","6","47","128","2.7","9","7"
"","144652","","383345","","Jaden Nixon","UCF","05","HB","158","8","37","76","2.0","8","4"
"","144683","","385937","","Trent Battle","TCU","06","HB","168","8","54","198","3.7","11","13"
"","144689","","397753","","Franklin Estrada II","TCU","40","HB","1","1","0","0","0","0","0"
"","144799","","361646","","Josh McCray","GEORGIA","02","HB","58","8","34","78","2.3","1","3"
"","144833","","362434","","Trent Howland","OKLA STATE","24","HB","114","8","46","152","3.3","6","6"
"","144891","","369221","","Roman Hemby","INDIANA","01","HB","319","9","125","409","3.3","15","27"
"","145057","","366321","","Evan Pryor","CINCINNATI","06","HB","233","8","71","314","4.4","17","19"
"","145111","","391560","","Devin Mockobee","PURDUE","45","HB","357","8","126","407","3.2","14","26"
"","145166","","383933","","Grover Bortolotti","WISCONSIN","43","HB","2","2","0","0","0","0","0"
"","145514","","381655","","Kevorian Barnes","TCU","02","HB","217","6","84","234","2.8","10","19"
"","145672","","361731","","Mike Washington Jr.","ARKANSAS","04","HB","418","9","129","485","3.8","24","25"
"","146843","","361008","","Simeon Price","COLORADO","26","HB","89","4","21","43","2.0","4","2"
"","146991","","373393","","Amari Daniels","TEXAS A&M","05","HB","87","8","33","61","1.9","2","1"
"","147003","","366954","","LJ Johnson Jr.","CAL","11","HB","109","7","36","90","2.5","1","5"
"","147143","","367606","","Dre Washington","ALABAMA","20","HB","20","3","9","24","2.7","0","1"
"","147252","","383941","","Damien Taylor","OLE MISS","12","HB","28","5","16","59","3.7","1","5"
"","147475","","369043","","Logan Diggs","OLE MISS","22","HB","78","9","19","53","2.8","3","0"
"","147591","","380361","","Tuna Altahir","STANFORD","06","HB","52","4","15","40","2.7","0","3"
"","147785","","383358","","Elijah Tau-Tolliver","MICH STATE","04","HB","128","9","39","184","4.7","4","11"
"","148567","","376868","","Jamario Clements","WAKE","03","HB","59","5","17","35","2.1","0","3"
"","150482","","363491","","J'Mari Taylor","VIRGINIA","03","HB","404","9","153","546","3.6","14","39"
"","155211","","361942","","Cash Jones","GEORGIA","32","HB","116","8","7","11","1.6","0","0"
"","156236","","393308","","Keith Adams Jr.","CLEMSON","19","HB","23","4","11","32","2.9","2","0"
"","156252","","407369","","Adam Randall","CLEMSON","08","HB","414","8","101","321","3.2","16","17"
"","156290","","385634","","Rodney Hill","ARKANSAS","01","HB","21","5","7","22","3.1","1","1"
"","156308","","429802","","Antonio Martin Jr.","KANSAS ST","22","HB","12","2","6","16","2.7","0","0"
"","156371","","386616","","Xavier Brown","VIRGINIA","20","HB","115","7","51","142","2.8","7","5"
"","156393","","407047","","Davis Lane Jr.","VIRGINIA","29","HB","22","2","6","10","1.7","1","0"
"","156396","","386300","","Jaylin Lucas","FLORIDA ST","12","HB","58","8","19","41","2.2","4","3"
"","156421","","393489","","Jaziun Patterson","IOWA","04","HB","78","5","40","181","4.5","5","4"
"","156473","","399003","","Emmett Johnson","NEBRASKA","21","HB","471","9","176","535","3.0","28","53"
"","156624","","386490","","Dean Connors","HOUSTON","44","HB","427","9","150","439","2.9","16","24"
"","156791","","386564","","A.J. Turner","MINNESOTA","02","HB","22","3","16","53","3.3","1","5"
"","156926","","385668","","Star Thomas","TENNESSEE","09","HB","197","9","80","270","3.4","14","21"
"","156935","","399703","","Makhilyn Young","VANDERBILT","22","HB","157","9","36","174","4.8","7","4"
"","156963","","399714","","Gi'Bran Payne","NOTRE DAME","03","HB","5","2","3","20","6.7","1","0"
"","156985","","406075","","Jadarian Price","NOTRE DAME","24","HB","169","8","85","325","3.8","19","21"
"","157003","","386946","","Jam Miller","ALABAMA","26","HB","213","5","81","188","2.3","7","7"
"","157037","","386835","","Damari Alston","AUBURN","00","HB","125","4","33","99","3.0","4","9"
"","157121","","412781","","Malachi Lane","LSU","30","HB","1","1","0","0","0","0","0"
"","157156","","428286","","Anthony Favrow","MISSOURI","31","HB","1","1","1","2","2.0","0","0"
"","157157","","393369","","Tavorus Jones","MISSOURI","22","HB","14","2","6","17","2.8","1","0"
"","157372","","386061","","CJ Donaldson","OHIO STATE","12","HB","179","8","68","157","2.3","6","2"
"","157522","","399550","","Tate Carney","WAKE","30","FB","4","1","1","9","9.0","0","1"
"","157523","","386131","","Demond Claiborne","WAKE","01","HB","309","8","109","380","3.5","16","25"
"","157656","","386450","","Bryce Duke","UTAH","25","HB","42","6","16","43","2.7","3","2"
"","157762","","391406","","Anthony Frias II","UCLA","22","HB","90","7","17","63","3.7","4","3"
"","158085","","386671","","Jovantae Barnes","OKLAHOMA","02","HB","78","4","19","45","2.4","1","4"
"","158088","","395314","","Gavin Sawchuk","FLORIDA ST","27","HB","307","8","93","249","2.7","9","18"
"","158097","","386751","","Tawee Walker","CINCINNATI","03","HB","254","9","98","352","3.6","19","26"
"","158212","","394227","","Aidan Laughery","ILLINOIS","21","HB","125","6","48","163","3.4","6","11"
"","158325","","387671","","Jaydn Ott","OKLAHOMA","00","HB","66","6","21","38","1.8","2","4"
"","158379","","425462","","Jay Coyne","MICH STATE","44","FB","47","9","0","0","0","0","0"
"","158417","","407695","","Makhi Hughes","OREGON","20","HB","42","4","17","51","3.0","1","4"
"","158449","","385969","","Jordan McDonald","BOSTON COL","05","HB","202","9","72","189","2.6","7","15"
"","158458","","386553","","Raleek Brown","ARIZONA ST","03","HB","493","9","140","411","2.9","24","43"
"","158664","","395331","","Le'Veon Moss","TEXAS A&M","08","HB","156","6","72","262","3.6","13","11"
"","158712","","406628","","Cade Yacamelli","WISCONSIN","25","HB","121","8","38","78","2.0","1","5"
"","158717","","386347","","Jonah Coleman","WASHINGTON","01","HB","371","8","129","455","3.5","16","29"
"","158816","","393548","","Tye Edwards","W VIRGINIA","02","HB","67","4","29","96","3.3","5","7"
"","158969","","387176","","Anthony Woods","UCLA","06","HB","173","7","44","179","4.1","6","9"
"","158999","","408556","","Vincent Genatone","NEBRASKA","30","HB","2","2","1","2","2.0","0","0"
"","159061","","395629","","Quincy Craig","ARIZONA","24","HB","170","8","39","95","2.4","6","4"
"","159936","","387679","","Desmond Reid","PITTSBURGH","00","HB","192","6","59","169","2.9","8","12"
"","160350","","392593","","NaQuari Rogers","UTAH","21","HB","266","9","90","194","2.2","6","10"
"","161419","","386927","","Ismail Mahdi","ARIZONA","21","HB","243","8","82","244","3.0","18","12"
"","162457","","389059","","TJ Harden","SMU","27","HB","331","9","119","305","2.6","8","24"
"","162692","","395004","","Travis Bates","DUKE","13","HB","14","2","9","27","3.0","1","2"
"","162799","","407213","","Eli Mason","MARYLAND","27","FB","10","3","1","0","0","0","0"
"","162843","","391126","","Joseph Himon II","NWESTERN","06","HB","213","8","83","331","4.0","11","17"
"","162865","","391417","","Dallan Hayden","COLORADO","07","HB","129","7","36","130","3.6","5","6"
"","162899","","386403","","Samuel Brown V","RUTGERS","27","HB","19","2","7","13","1.9","0","1"
"","163009","","385999","","Lee Beebe Jr.","INDIANA","29","HB","43","3","27","97","3.6","9","9"
"","163255","","395021","","Preston Rex","BYU","12","HB","66","4","9","22","2.4","0","0"
"","163712","","385493","","Chase Gillespie","VANDERBILT","13","FB","3","1","1","2","2.0","0","0"
"","163723","","431968","","Dominic Rezac","VANDERBILT","43","HB","6","1","0","0","0","0","0"
"","164158","","386127","","Kaytron Allen","PENN STATE","13","HB","275","8","120","460","3.8","17","35"
"","164188","","386149","","Nicholas Singleton","PENN STATE","10","HB","253","8","82","187","2.3","6","12"
"","167089","","387306","","Chance Williams","CINCINNATI","07","HB","38","5","15","37","2.5","1","4"
"","168419","","390019","","DeKalon Taylor","COLORADO","20","HB","91","4","19","48","2.5","2","2"
"","170051","","407414","","Peyton Jones","DUKE","05","HB","34","3","10","22","2.2","0","2"
"","170126","","428560","","Caleb Williams","PITTSBURGH","30","HB","17","3","5","8","1.6","0","1"
"","170168","","415833","","Kamari Moulton","IOWA","28","HB","180","6","84","269","3.2","13","10"
"","170178","","415841","","Terrell Washington Jr.","IOWA","08","HB","78","5","25","50","2.0","1","2"
"","170203","","407236","","Nolan Ray","MARYLAND","02","HB","173","8","54","159","2.9","4","10"
"","170205","","407237","","DJ Samuels","MARYLAND","20","FB","24","4","0","0","0","0","0"
"","170228","","425425","","Kwinten Ives","NEBRASKA","28","HB","32","5","17","40","2.4","5","2"
"","170302","","428533","","Cam Wallace","PENN STATE","26","HB","15","2","6","15","2.5","0","0"
"","170306","","406835","","Ja'shon Benjamin","RUTGERS","20","HB","151","9","58","170","2.9","8","9"
"","170356","","426428","","Samuel Singleton Jr.","FLORIDA ST","28","HB","43","5","29","124","4.3","7","7"
"","170378","","412329","","Kendrick Raphael","CAL","01","HB","432","9","155","479","3.1","17","35"
"","171024","","412183","","Kanye Udoh","ARIZONA ST","06","HB","99","8","45","106","2.4","5","9"
"","171090","","406074","","Jeremiyah Love","NOTRE DAME","04","HB","336","8","143","522","3.6","26","35"
"","171893","","406848","","Dylan Edwards","KANSAS ST","03","HB","91","3","36","159","4.4","8","9"
"","172220","","407858","","Durell Robinson","AUBURN","21","HB","9","2","3","56","18.7","1","0"
"","172379","","406426","","Justice Haynes","MICHIGAN","22","HB","286","7","124","460","3.7","18","24"
"","172412","","428856","","Maddox Lassiter","ARKANSAS","47","FB","50","9","1","1","1.0","0","0"
"","172443","","406217","","Jeremiah Cobb","AUBURN","23","HB","413","9","137","444","3.2","16","24"
"","172483","","407528","","Kaleb Jackson","LSU","28","HB","35","4","7","17","2.4","1","2"
"","172525","","407513","","Kedrick Reescano","ARIZONA","03","HB","107","5","42","154","3.7","5","10"
"","172539","","407817","","Seth Davis","MISS STATE","23","HB","8","2","5","12","2.4","1","0"
"","172590","","407310","","Rueben Owens II","TEXAS A&M","04","HB","227","8","78","254","3.3","11","11"
"","172605","","406097","","Sedrick Alexander","VANDERBILT","28","HB","351","9","79","246","3.1","8","16"
"","172623","","423504","","AJ Newberry","VANDERBILT","23","HB","64","8","16","29","1.8","1","1"
"","173029","","429596","","Manny Covey","CINCINNATI","29","HB","34","5","16","45","2.8","4","5"
"","173087","","428857","","Johnny Thompson Jr.","KANSAS","20","HB","34","3","19","38","2.0","0","2"
"","173106","","407404","","Joe Jackson","KANSAS ST","04","HB","383","9","106","265","2.5","11","11"
"","173153","","406881","","CJ Baxter","TEXAS","04","HB","100","5","41","106","2.6","4","5"
"","173192","","412667","","Jahiem White","W VIRGINIA","01","HB","62","2","25","121","4.8","4","10"
"","173422","","406404","","Darius Taylor","MINNESOTA","01","HB","188","6","82","275","3.4","7","15"
"","173701","","407074","","Kalib Hicks","OKLA STATE","01","HB","73","7","45","110","2.4","2","5"
"","173719","","407313","","Hollywood Smothers","NC STATE","03","HB","357","8","124","539","4.3","22","38"
"","173979","","415631","","Troy Leigber","UCLA","32","HB","1","1","1","2","2.0","0","0"
"","174024","","411895","","Kaden Feagin","ILLINOIS","03","HB","301","9","98","263","2.7","6","11"
"","174038","","406265","","Benjamin Hall","N CAROLINA","28","HB","110","7","50","135","2.7","7","8"
"","174095","","423313","","Brandon High Jr.","CAL","05","HB","57","5","23","70","3.0","3","2"
"","174130","","406604","","Jayden Limar","OREGON","27","HB","144","6","42","160","3.8","6","11"
"","174131","","406547","","Dante Dowdell","KENTUCKY","02","HB","203","8","85","205","2.4","5","5"
"","174248","","428351","","Ja'Kobi Jackson","FLORIDA","24","HB","70","4","30","96","3.2","2","10"
"","174262","","448174","","Anthony Rubio","FLORIDA","25","HB","10","1","5","13","2.6","1","1"
"","174313","","425483","","Sesi Vailahi","OKLA STATE","03","HB","92","6","34","71","2.1","3","3"
"","174409","","428413","","CharMar Brown","MIAMI FL","06","HB","182","8","76","213","2.8","4","15"
"","174649","","412344","","Bryson Washington","BAYLOR","07","HB","358","9","130","421","3.2","16","23"
"","174669","","407639","","Carson Hansen","IOWA STATE","26","HB","306","8","114","378","3.3","15","17"
"","174686","","407667","","Abu Sama III","IOWA STATE","24","HB","239","9","105","388","3.7","17","37"
"","174695","","411204","","Keyjuan Brown","LOUISVILLE","22","HB","175","7","54","209","3.9","8","15"
"","174717","","429191","","DeSean Bishop","TENNESSEE","18","HB","284","9","103","388","3.8","16","19"
"","174754","","406830","","Davon Booth","MISS STATE","06","HB","329","9","116","343","3.0","18","20"
"","174777","","423085","","Jeremiah Coney","VA TECH","04","HB","42","5","9","39","4.3","2","4"
"","174823","","451403","","Tyler Jacklich","W VIRGINIA","28","HB","28","3","8","18","2.3","2","1"
"","175021","","450491","","Lucky Finau","BYU","41","HB","10","1","8","17","2.1","0","0"
"","175035","","407340","","LJ Martin","BYU","04","HB","408","8","137","562","4.1","23","38"
"","175337","","423285","","Anthony Ferrucci","BOSTON COL","33","HB","7","1","4","10","2.5","0","0"
"","175374","","406473","","Mark Fletcher Jr.","MIAMI FL","04","HB","323","8","126","431","3.4","19","37"
"","175378","","414633","","Chris Johnson Jr.","SMU","06","HB","136","9","48","109","2.3","10","11"
"","175443","","434111","","Noah Vaughn","VIRGINIA","28","HB","34","4","23","113","4.9","4","5"
"","175877","","406471","","Richard Young","ALABAMA","09","HB","51","3","19","40","2.1","0","1"
"","175912","","421204","","Jamal Roberts","MISSOURI","20","HB","277","8","66","261","4.0","9","19"
"","175999","","429106","","Darius Johnson","NC STATE","25","HB","26","8","3","11","3.7","0","0"
"","176000","","446332","","Coleson Fields","NC STATE","31","HB","16","2","6","13","2.2","0","0"
"","176026","","439361","","Tyler Chandler","SYRACUSE","31","HB","1","1","1","2","2.0","0","0"
"","176028","","431651","","Max Runyon","SYRACUSE","38","FB","5","3","1","3","3.0","0","1"
"","176190","","406910","","Quintrevion Wisner","TEXAS","05","HB","283","6","93","282","3.0","5","24"
"","176252","","431385","","Bryson Kuzdzal","MICHIGAN","24","HB","20","3","10","34","3.4","1","4"
"","176482","","406861","","Rahsul Faison","S CAROLINA","01","HB","298","9","81","230","2.8","11","19"
"","176513","","406807","","Caleb Komolafe","NWESTERN","05","HB","238","8","127","392","3.1","13","21"
"","176525","","406787","","Kyson Brown","ARIZONA ST","01","HB","74","4","19","50","2.6","3","4"
"","176552","","453805","","Dean-Taylor Chapman","CAL","33","HB","2","1","1","2","2.0","0","0"
"","176564","","407866","","Jaivian Thomas","UCLA","21","HB","137","8","63","187","3.0","8","11"
"","176615","","423546","","Champ Hampton","STANFORD","34","HB","33","2","6","29","4.8","0","2"
"","176618","","406584","","Sedrick Irvin","STANFORD","26","HB","135","9","27","52","1.9","2","1"
"","177483","","418538","","Malachi Hosley","GA TECH","00","HB","257","9","67","319","4.8","15","18"
"","179059","","405950","","Jawarn Howell","S CAROLINA","22","HB","9","1","7","25","3.6","0","2"
"","182718","","429848","","Jaxon Panariello","LOUISVILLE","37","FB","41","7","0","0","0","0","0"
"","183196","","431623","","David Eziomume","CLEMSON","24","HB","43","7","10","21","2.1","1","1"
"","183219","","434078","","Trelain Maddox","GA TECH","22","HB","32","4","8","27","3.4","0","1"
"","183246","","431873","","Chris Wheatley-Humphrey","MIAMI FL","25","HB","26","2","14","42","3.0","2","7"
"","183251","","428658","","Zach Hernandez","SMU","29","HB","3","1","2","6","3.0","0","1"
"","183252","","428670","","Derrick McFall","SMU","00","HB","114","9","22","40","1.8","1","4"
"","183271","","447471","","Juelz Goff","PITTSBURGH","08","HB","216","9","57","148","2.6","4","12"
"","183297","","428178","","Kam Davis","FLORIDA ST","03","HB","24","2","6","26","4.3","2","1"
"","183312","","429771","","Isaac Brown","LOUISVILLE","01","HB","256","8","95","473","5.0","19","43"
"","183328","","428362","","Davion Gause","N CAROLINA","37","HB","126","8","40","116","2.9","6","6"
"","183347","","446441","","Jayden Scott","NC STATE","04","HB","228","9","73","260","3.6","11","25"
"","183374","","439364","","Jaden Hart","SYRACUSE","22","HB","38","4","10","22","2.2","0","0"
"","183381","","429278","","Yasin Willis","SYRACUSE","06","HB","299","8","119","358","3.0","11","17"
"","183515","","428264","","Ca'Lil Valentine","ILLINOIS","05","HB","158","9","84","215","2.6","12","10"
"","183534","","428816","","DeJuan Williams","MARYLAND","00","HB","302","8","90","223","2.5","8","12"
"","183545","","431672","","Brandon Tullis","MICH STATE","07","HB","209","9","50","158","3.2","7","5"
"","183555","","453524","","Izaac Dickey","NEBRASKA","45","HB","2","2","1","2","2.0","0","0"
"","183594","","429523","","Kenneth Williams","NEBRASKA","32","HB","9","3","5","19","3.8","1","0"
"","183621","","431734","","Bryan Jackson","USC","21","HB","61","4","22","81","3.7","2","1"
"","183644","","429718","","Adam Mohammed","WASHINGTON","24","HB","136","8","41","131","3.2","3","11"
"","183656","","431481","","Darrion Dupree","WISCONSIN","06","HB","130","6","44","131","3.0","3","10"
"","183661","","441715","","Gideon Ituka","WISCONSIN","10","HB","66","4","33","90","2.7","3","5"
"","183664","","431482","","Dilin Jones","WISCONSIN","07","HB","180","7","78","228","2.9","6","12"
"","183706","","428684","","James Peoples","OHIO STATE","20","HB","132","8","45","139","3.1","7","10"
"","183713","","428712","","Sam Dixon","OHIO STATE","24","HB","3","1","3","8","2.7","0","0"
"","183723","","429039","","Jaheim Merriweather","PURDUE","23","HB","12","3","2","5","2.5","0","0"
"","183736","","449392","","Anthony Wilhite","ARIZONA","28","HB","10","2","5","12","2.4","0","0"
"","183763","","450485","","Jovesa Damuni","BYU","28","HB","28","4","13","54","4.2","3","0"
"","183773","","429935","","Sione Moa","BYU","30","HB","65","3","18","56","3.1","2","3"
"","183815","","428853","","Harry Stewart III","KANSAS","00","HB","71","8","22","63","2.9","2","3"
"","183835","","432079","","Nate Palmer","TCU","21","HB","39","4","18","73","4.1","4","3"
"","183837","","428461","","Jeremy Payne","TCU","26","HB","141","6","37","107","2.9","4","6"
"","183873","","436407","","Clay Ash","W VIRGINIA","27","HB","156","8","43","107","2.5","3","2"
"","183887","","428393","","Micah Welch","COLORADO","29","HB","234","9","80","207","2.6","6","12"
"","183902","","439342","","DeVon Rice","KANSAS ST","23","HB","73","9","26","55","2.1","3","4"
"","184108","","431679","","Aneyas Williams","NOTRE DAME","22","HB","18","3","7","29","4.1","1","0"
"","184224","","429391","","Wayshawn Parker","UTAH","01","HB","253","9","87","286","3.3","16","32"
"","184393","","428891","","Braylen Russell","ARKANSAS","00","HB","174","9","56","180","3.2","6","11"
"","184417","","428285","","Jadan Baugh","FLORIDA","13","HB","383","8","135","466","3.5","22","45"
"","184419","","428299","","KD Daniels","FLORIDA","21","HB","43","4","17","39","2.3","1","0"
"","184449","","432005","","Caden Durham","LSU","29","HB","215","7","81","309","3.8","8","12"
"","184458","","428562","","Ju'Juan Johnson","LSU","08","HB","188","8","31","111","3.6","3","5"
"","184505","","453696","","Christian Clark","TEXAS","06","HB","104","6","33","59","1.8","3","7"
"","184509","","428962","","Jerrick Gibson","TEXAS","09","HB","74","4","39","90","2.3","5","8"
"","184536","","429327","","Daniel Hill","ALABAMA","04","HB","118","7","22","70","3.2","3","3"
"","184550","","428394","","Chauncey Bowens","GEORGIA","33","HB","194","8","79","223","2.8","14","12"
"","184603","","443091","","Xavier Robinson","OKLAHOMA","24","HB","201","7","51","214","4.2","5","5"
"","184636","","429569","","Jason Patterson","KENTUCKY","26","HB","101","7","37","98","2.6","5","6"
"","184656","","456061","","Edd Guerrier","RUTGERS","23","HB","15","1","7","17","2.4","0","2"
"","184725","","445017","","Fame Ijeboi","MINNESOTA","07","HB","184","8","83","307","3.7","13","24"
"","184755","","429276","","Johnnie Daniels","MISS STATE","20","HB","26","2","9","43","4.8","2","6"
"","184832","","429409","","Dylan Lee","IOWA STATE","02","HB","57","5","21","87","4.1","2","5"
"","184833","","429416","","Easton Miller","IOWA STATE","25","HB","7","1","4","12","3.0","0","0"
"","184848","","395779","","Jay Harris","OREGON","22","HB","53","7","22","63","2.9","2","3"
"","184885","","429223","","Peyton Lewis","TENNESSEE","02","HB","148","9","61","152","2.5","3","5"
"","184897","","429869","","Cameron Dickey","TEXAS TECH","08","HB","367","9","138","478","3.5","20","31"
"","184937","","447834","","Tyler Mason","VA TECH","23","HB","17","3","4","27","6.8","1","4"
"","187638","","466538","","Tyler Wrenn","UCF","32","HB","3","1","1","3","3.0","0","0"
"","188180","","453786","","Jayden Parker","CAL","24","HB","1","1","1","0","0","0","0"
"","188188","","455878","","Jakorion Caffey","CINCINNATI","20","HB","1","1","1","2","2.0","0","0"
"","188257","","428796","","Josiah McLaurin","MARYLAND","17","HB","23","2","0","0","0","0","0"
"","188518","","449772","","Jamezell Lassiter","VANDERBILT","41","HB","35","8","8","80","10.0","3","3"
"","188671","","431556","","Khobie Martin","INDIANA","28","HB","88","8","51","203","4.0","12","9"
"","188691","","448808","","JB Price","KANSAS ST","24","HB","27","3","9","18","2.0","1","1"
"","188722","","444020","","Rodney Fields Jr.","OKLA STATE","20","HB","286","7","91","316","3.5","12","9"
"","188781","","464266","","Gabe Sawchuk","OKLAHOMA","29","HB","3","2","2","15","7.5","1","1"
"","188782","","428442","","Taylor Tatum","OKLAHOMA","08","HB","2","1","1","1","1.0","0","0"
"","188865","","428293","","Micah Ford","STANFORD","20","HB","197","7","101","398","3.9","11","27"
"","188876","","445999","","Cole Tabb","STANFORD","33","HB","190","8","101","286","2.8","11","17"
"","189380","","461010","","Cole Denson","DUKE","28","HB","4","1","0","0","0","0","0"
"","189441","","428441","","Jordan Lyle","MIAMI FL","02","HB","65","5","28","66","2.4","2","3"
"","189622","","428872","","Kayden Luke","ARIZONA","30","FB","27","7","0","0","0","0","0"
"","189679","","447453","","Brevin Doll","IOWA","23","HB","2","1","2","3","1.5","0","0"
"","189698","","449537","","Xavier Williams","IOWA","26","HB","101","6","37","116","3.1","5","5"
"","189704","","429503","","Mekhi Nelson","NEBRASKA","35","HB","46","7","11","26","2.4","2","3"
"","189712","","449866","","Joe Pitchford","TCU","24","FB","9","4","0","0","0","0","0"
"","189732","","446309","","Jordan Washington","WASHINGTON","04","HB","28","5","14","33","2.4","3","2"
"","189933","","441636","","Diore Hubbard","W VIRGINIA","20","HB","242","6","78","228","2.9","5","13"
"","190013","","428616","","Ahmad Hardy","MISSOURI","29","HB","297","8","161","722","4.5","25","61"
"","190075","","430174","","Fluff Bothwell","MISS STATE","24","HB","241","7","98","331","3.4","13","18"
"","190199","","428698","","Turbo Richard","BOSTON COL","02","HB","340","8","105","369","3.5","9","18"
"","190221","","428368","","Kewan Lacy","OLE MISS","05","HB","556","9","196","652","3.3","25","68"
"","190231","","436665","","Matt Fuller","S CAROLINA","28","HB","136","7","54","187","3.5","1","14"
"","190321","","431670","","Makhi Frazier","MICH STATE","05","HB","265","8","113","310","2.7","18","19"
"","190337","","428322","","Stacy Gage","UCF","21","HB","39","4","13","48","3.7","1","4"
"","190489","","428452","","Antwan Raymond","RUTGERS","03","HB","436","9","160","593","3.7","21","45"
"","190571","","453277","","Jeremiah Johnson","FLORIDA ST","30","HB","10","2","10","38","3.8","3","2"
"","190575","","449085","","Zay Parks","FLORIDA ST","21","HB","19","2","15","55","3.7","3","3"
"","190584","","429769","","Shaun Boykins Jr.","LOUISVILLE","89","HB","17","3","8","7","0.9","2","0"
"","190596","","429906","","Duke Watson","LOUISVILLE","26","HB","64","4","24","59","2.5","1","5"
"","190789","","449016","","Kam Mikell","COLORADO","18","HB","47","3","18","61","3.4","2","5"
"","190802","","431907","","J'Marion Burnette","HOUSTON","20","HB","62","5","29","71","2.5","1","3"
"","190803","","434172","","DJ Butler","HOUSTON","25","HB","86","7","28","83","3.0","3","6"
"","190834","","447457","","Micah Ka'apana","MICHIGAN","20","HB","1","1","1","6","6.0","0","0"
"","190837","","431386","","Jordan Marshall","MICHIGAN","23","HB","252","9","126","476","3.8","16","29"
"","190838","","456023","","Tomas O'Meara","MICHIGAN","36","FB","6","1","3","10","3.3","0","1"
"","190846","","431778","","Charleston French","N CAROLINA","23","HB","4","2","1","3","3.0","0","0"
"","190890","","453368","","Dashun Reeder","NWESTERN","24","HB","30","5","22","174","7.9","6","7"
"","190906","","443637","","Antonio Harris","PURDUE","22","HB","106","8","31","112","3.6","5","6"
"","190943","","429172","","Ty Clark III","WAKE","00","HB","199","8","42","108","2.6","3","12"
"","191139","","429385","","Kevin Riley","ALABAMA","28","HB","130","8","49","138","2.8","5","6"
"","191146","","428410","","Nate Frazier","GEORGIA","03","HB","196","8","90","288","3.2","4","14"
"","191156","","431691","","Dwight Phillips Jr.","GEORGIA","20","HB","33","8","22","77","3.5","6","5"
"","191197","","429281","","Xavier Gayten","MISS STATE","22","HB","56","6","18","90","5.0","7","6"
"","191286","","453264","","Joseph Dodds","BAYLOR","27","HB","23","3","12","25","2.1","0","0"
"","191289","","429363","","Joseph Hagman","BAYLOR","37","HB","1","1","1","0","0","0","0"
"","191300","","436422","","Aiden Flora","IOWA STATE","21","HB","14","4","1","2","2.0","0","0"
"","191326","","445006","","Da'Jaun Riggs","OREGON","21","HB","33","5","17","42","2.5","4","4"
"","191341","","446308","","Corey Smith","PENN STATE","24","HB","11","1","5","11","2.2","0","1"
"","191350","","441725","","Adam Hill","TEXAS TECH","23","HB","74","5","29","153","5.3","9","6"
"","191359","","433992","","J'Koby Williams","TEXAS TECH","20","HB","258","9","95","359","3.8","18","29"
"","193209","","453412","","Titus Bautista","COLORADO","34","HB","1","1","0","0","0","0","0"
"","196997","","429253","","Malachi James","SYRACUSE","36","HB","2","1","1","0","0","0","0"
"","197651","","449522","","Cian McKelvey","USC","41","HB","1","1","1","3","3.0","0","0"
"","197654","","449525","","King Miller","USC","30","HB","177","8","66","338","5.1","13","13"
"","198093","","453604","","AK Dear","ALABAMA","00","HB","14","2","8","80","10.0","2","3"
"","198106","","468355","","Cornelius Warren III","ARIZONA","09","HB","8","1","7","27","3.9","1","2"
"","198120","","456348","","Demarius Robinson","ARIZONA ST","23","HB","39","5","6","10","1.7","0","0"
"","198206","","450533","","Charlie Miska","BYU","34","HB","9","1","6","17","2.8","0","1"
"","198264","","455884","","Zion Johnson","CINCINNATI","13","HB","10","2","8","23","2.9","2","1"
"","198337","","449460","","Nate Sheppard","DUKE","20","HB","260","8","90","351","3.9","20","29"
"","198443","","449071","","Ousmane Kromah","FLORIDA ST","32","HB","107","8","52","213","4.1","10","18"
"","198466","","449033","","Bo Walker","GEORGIA","24","HB","16","2","9","19","2.1","0","1"
"","198535","","455837","","Sean Cuono","INDIANA","20","HB","3","1","2","11","5.5","0","1"
"","198550","","449517","","Nathan McNeil","IOWA","25","HB","64","7","29","98","3.4","4","7"
"","198565","","465126","","Ryver Peppers","IOWA STATE","22","HB","1","1","0","0","0","0","0"
"","198603","","463608","","Monterrio Elston Jr.","KANSAS ST","31","HB","7","2","2","3","1.5","0","1"
"","198704","","458970","","Jamarice Wilder","LOUISVILLE","33","HB","9","1","4","15","3.8","0","0"
"","198705","","0","","Brock Coffman","LOUISVILLE","80","HB","4","2","0","0","0","0","0"
"","198726","","449600","","Iverson Howard","MARYLAND","24","HB","66","7","33","86","2.6","1","7"
"","198870","","451367","","Kolin Wilson","MISS STATE","21","HB","7","2","6","30","5.0","2","1"
"","198879","","449159","","Marquise Davis","MISSOURI","07","HB","43","3","34","104","3.1","8","15"
"","198885","","455905","","Brendon Haygood","MISSOURI","16","HB","4","1","4","14","3.5","0","2"
"","199023","","453349","","Daniel Anderson","NWESTERN","27","HB","6","2","3","9","3.0","0","1"
"","199034","","450086","","Tory Blaylock","OKLAHOMA","06","HB","277","9","96","241","2.5","15","7"
"","199077","","395173","","Justin Cook","PITTSBURGH","28","HB","5","1","0","0","0","0","0"
"","199087","","453600","","Ja'Kyrian Turner","PITTSBURGH","25","HB","211","8","87","220","2.5","11","12"
"","199126","","456068","","Terrell Mitchell","RUTGERS","26","HB","8","1","4","9","2.3","0","0"
"","199159","","453269","","Dramekco Green","SMU","21","HB","39","4","19","46","2.4","1","8"
"","199225","","455820","","Malachi Coleman","SYRACUSE","28","HB","8","1","3","8","2.7","0","0"
"","199271","","449785","","Jon Denman","TCU","13","HB","24","6","16","42","2.6","0","2"
"","199289","","456301","","James Simon","TEXAS","31","HB","49","3","28","92","3.3","4","5"
"","199393","","453991","","Agyeman Addae","UCF","35","HB","20","2","6","13","2.2","0","1"
"","199407","","449505","","Waymond Jordan","USC","02","HB","210","6","88","453","5.2","16","29"
"","199445","","461004","","Daniel Bray","UTAH","13","HB","132","5","32","97","3.0","10","13"
"","199540","","451352","","Cyncir Bowers","W VIRGINIA","23","HB","106","7","38","86","2.3","5","4"
"","199633","","448925","","Gideon Davidson","CLEMSON","09","HB","87","8","27","68","2.5","2","4"
"","199682","","449186","","J.P. Powell","GA TECH","20","HB","8","3","5","11","2.2","1","1"
"","199684","","449168","","Shane Marshall","GA TECH","24","HB","6","3","2","6","3.0","0","0"
"","199706","","453644","","Zane Smith","HOUSTON","37","HB","5","2","2","7","3.5","0","0"
"","199769","","448955","","Harlem Berry","LSU","22","HB","103","8","48","175","3.6","5","4"
"","199798","","453520","","Conor Booth","NEBRASKA","23","HB","9","2","3","5","1.7","0","0"
"","199811","","449154","","Isaiah Mozee","NEBRASKA","22","HB","76","9","16","62","3.9","1","6"
"","199824","","449711","","Demon June","N CAROLINA","12","HB","174","7","65","330","5.1","11","11"
"","199837","","458779","","Nolan James Jr.","NOTRE DAME","23","HB","11","2","7","21","3.0","1","0"
"","199862","","453512","","Isaiah West","OHIO STATE","32","HB","38","5","25","72","2.9","4","8"
"","199864","","453493","","Bo Jackson","OHIO STATE","25","HB","169","7","83","394","4.8","16","16"
"","199870","","449213","","Dierre Hill Jr.","OREGON","23","HB","72","8","36","268","7.4","12","17"
"","199872","","449197","","Jordon Davison","OREGON","00","HB","161","8","52","201","3.9","8","12"
"","199973","","451133","","Daune Morris","TENNESSEE","19","HB","35","3","18","47","2.6","3","4"
"","199977","","451099","","Justin Baker","TENNESSEE","20","HB","29","2","12","24","2.0","0","0"
"","199997","","449391","","Jamarion Morrow","TEXAS A&M","23","HB","67","8","20","69","3.5","4","4"
"","200025","","399175","","Marcellous Hawkins","VA TECH","27","HB","328","9","100","445","4.5","18","37"
"","200026","","468392","","Jeffrey Overton Jr.","VA TECH","16","HB","11","1","4","6","1.5","0","0"
"","200090","","450665","","Cam Settles","ARKANSAS","27","HB","4","2","1","3","3.0","0","0"
"","200116","","449089","","Caden Knighten","BAYLOR","22","HB","206","9","75","212","2.8","7","21"
"","200128","","449425","","Duke Clark","FLORIDA","20","HB","34","3","15","40","2.7","1","5"
"","200163","","453545","","Girard Pringle Jr.","MIAMI FL","22","HB","20","3","10","20","2.0","1","3"
"","200274","","455856","","Xay Davis","VIRGINIA","25","HB","7","1","4","9","2.3","0","0"
"","200288","","392819","","Owen Gardner","VIRGINIA","27","HB","5","3","2","2","1.0","0","0"
"","203971","","453477","","Omar Mabson II","AUBURN","29","HB","57","5","15","52","3.5","2","4"
"","204087","","449979","","Justin Thurman","KANSAS","25","HB","4","2","4","5","1.3","1","1"
"","204090","","449926","","John Kelly","KANSAS","24","HB","1","1","1","3","3.0","0","0"
"","204133","","449733","","Braxton Jennings","LOUISVILLE","46","HB","24","2","12","44","3.7","3","3"
"","204140","","453296","","Jasper Parker","MICHIGAN","27","HB","30","3","16","32","2.0","2","3"
"","204153","","453578","","Xavier Ford","MINNESOTA","31","HB","12","2","10","28","2.8","0","0"
"","204156","","453592","","Grant Washington","MINNESOTA","21","HB","28","2","21","62","3.0","4","2"
"","204299","","455824","","Tylik Hill","SYRACUSE","39","HB","12","3","8","34","4.3","2","3"
"","204358","","450037","","Michael Henderson III","TEXAS TECH","35","HB","1","1","1","1","1.0","0","0"
"","204380","","454002","","Chase Hinshaw","UCF","86","FB","3","1","0","0","0","0","0"
"","204385","","458754","","Zack Palmer","UCF","81","FB","3","1","0","0","0","0","0"
"","204424","","453656","","Raycine Guillory","UTAH","00","HB","2","1","1","1","1.0","0","0"
"","204448","","465170","","Jamar Searcy","WAKE","29","HB","13","2","3","23","7.7","2","2"
"","204473","","449140","","Michael Turner","BAYLOR","23","HB","137","6","53","161","3.0","6","3"
"","205056","","453514","","Bryson Williams","MICH STATE","14","HB","8","3","1","2","2.0","0","0"
"","205065","","450686","","Shekai Mills-Knight","OLE MISS","33","HB","2","1","2","3","1.5","0","0"
"","205251","","449717","","Jaylen McGill","N CAROLINA","27","HB","30","4","4","10","2.5","0","0"
"","205446","","453452","","Harry Dalton III","USC","25","HB","13","3","6","16","2.7","1","1"
"","205485","","449679","","Gabe Fields","VANDERBILT","33","HB","16","2","5","9","1.8","0","0"
"","206411","","468348","","Aleki Manutai","BAYLOR","49","FB","1","1","0","0","0","0","0"
"","207813","","449336","","Bo MacCormack III","BOSTON COL","24","HB","40","4","15","23","1.5","1","0"
"","207842","","466471","","Anthony League","CAL","25","HB","8","2","4","4","1.0","0","0"
"","208845","","453404","","Seamus Meagher","TENNESSEE","40","FB","8","2","0","0","0","0","0"
"","212059","","453439","","Wesley Yarbrough","ARIZONA","00","HB","45","4","22","54","2.5","3","4"