"Rank","Player Id","Player GSIS","Player College GSIS","Player Sportradar Id","Name","Team","#","POS","SNAPS","GAMES","TOT TKL","TFL","MT","INT","CTGT"
"","72338","","407179","","Raider Damuni","BYU","03","S","202","6","24","0","3","1","9"
"","74395","","405990","","Zion Branch","GEORGIA","02","S","97","4","13","0","1","0","6"
"","86298","","359586","","Blake Ruffin","LOUISVILLE","29","S","42","3","6","0","1","0","1"
"","86773","","396193","","Jackson Schulz","KENTUCKY","29","S","2","2","0","0","0","0","0"
"","97543","","340590","","Jett Elad","RUTGERS","09","S","498","9","57","2","14","1","16"
"","98867","","328077","","Jalen Catalon","MISSOURI","06","S","252","8","27","0","3","0","8"
"","99757","","336480","","Antonio Clary","VIRGINIA","00","S","126","6","14","0","1","1","3"
"","121728","","349909","","JoJo Evans Jr.","LOUISVILLE","27","S","381","7","39","0","4","2","15"
"","121757","","347935","","An'Darius Coffey","PURDUE","24","S","125","8","11","1","4","0","12"
"","122163","","348230","","Tyler Venables","CLEMSON","24","S","29","3","2","0","0","0","2"
"","122278","","349164","","Devin Neal","VIRGINIA","27","S","358","9","55","1","3","0","19"
"","122855","","348688","","Devan Boykin","INDIANA","12","S","363","9","29","2","0","1","32"
"","122928","","350516","","Justin Harrington","W VIRGINIA","08","S","78","6","4","0","1","0","4"
"","123066","","349435","","Bud Clark","TCU","21","S","564","8","44","1","9","2","37"
"","123103","","348171","","Xavion Alford","ARIZONA ST","02","S","122","2","9","0","1","0","1"
"","123370","","348236","","Nick Andersen","WAKE","45","S","526","8","67","4","8","0","19"
"","123466","","350213","","Kendrick Simpkins","BAYLOR","16","S","268","8","19","1","1","0","17"
"","123931","","351586","","Jahquez Robinson","AUBURN","05","S","280","9","22","0","7","0","18"
"","123962","","349061","","Myles Slusher","PURDUE","09","S","372","8","56","1","10","1","17"
"","124286","","349043","","Key Lawrence","UCLA","04","S","516","8","48","2","16","1","18"
"","124387","","349583","","Mordecai McDaniel","OKLA STATE","32","S","287","8","37","1","6","0","13"
"","125313","","349854","","Cole Wisniewski","TEXAS TECH","05","S","506","9","45","3","6","0","21"
"","128402","","360135","","Crew Wakley","PURDUE","07","S","60","3","11","1","1","0","5"
"","129334","","407717","","Mose Phillips III","MISSOURI","03","S","55","3","2","1","0","0","2"
"","129403","","350211","","Jordan Walker","W VIRGINIA","04","S","100","7","18","2","7","1","7"
"","129727","","350468","","Gunner Maldonado","KANSAS ST","03","S","302","9","31","0","7","2","10"
"","129939","","351350","","Preston Zachman","WISCONSIN","14","S","116","3","12","0","1","2","7"
"","131875","","351714","","Nate Ritchie","UTAH","06","S","219","5","27","4","11","0","15"
"","131892","","351649","","Makell Esteen","WASHINGTON","24","S","495","8","43","0","8","3","20"
"","133060","","412556","","Brenden Jordan","TEXAS TECH","07","S","497","9","31","0","1","1","24"
"","138115","","352932","","Jy Gilmore","GA TECH","14","S","361","7","26","2","6","0","17"
"","142177","","354546","","Kavir Bains-Marquez","PITTSBURGH","23","S","403","9","36","2","5","1","33"
"","143851","","362325","","Placide Djungu-Sungu","BAYLOR","20","S","3","1","0","0","0","0","0"
"","143874","","368354","","Shyheim Brown","FLORIDA ST","01","S","152","7","20","0","4","0","7"
"","143898","","382561","","Hunter Washington","MISS STATE","21","S","294","9","30","0","3","1","17"
"","143959","","362860","","DeAndre Boykins","OKLA STATE","15","S","1","1","0","0","0","0","0"
"","144029","","361484","","Javon McIntyre","PITTSBURGH","07","S","443","9","34","0","6","1","29"
"","144040","","365753","","Duce Chestnut","SYRACUSE","02","S","403","9","49","1","9","0","17"
"","144106","","362862","","Jalen Stroman","NOTRE DAME","07","S","180","7","23","0","2","0","8"
"","144238","","386706","","Armorion Smith","MICH STATE","19","S","344","9","25","0","13","1","18"
"","144373","","363180","","Isaiah Nwokobia","SMU","23","S","657","9","89","1","16","3","43"
"","144393","","362020","","Jalen McMurray","TENNESSEE","06","S","387","9","45","3","3","0","38"
"","144577","","368479","","Landon Nelson","KANSAS","31","S","7","2","2","0","0","0","0"
"","144605","","362446","","Omar Daniels","GA TECH","09","S","451","9","37","1","12","1","16"
"","144661","","383575","","Lyrik Rawls","KANSAS","02","S","506","9","57","1","8","1","27"
"","144662","","368874","","Raymond Gay II","OKLA STATE","27","S","115","4","11","0","1","0","7"
"","144668","","383573","","Kendal Daniels","OKLAHOMA","05","S","356","9","28","9","7","0","20"
"","144732","","387220","","Michael Taaffe","TEXAS","16","S","404","7","49","0","2","1","10"
"","144809","","382731","","Miles Scott","ILLINOIS","10","S","537","9","43","2","5","0","14"
"","144932","","368563","","Rod Moore","MICHIGAN","19","S","85","3","9","0","2","1","3"
"","144982","","386159","","Darius Green","MINNESOTA","12","S","259","8","18","2","3","0","16"
"","145012","","359472","","Marques Buford Jr.","NEBRASKA","03","S","181","9","16","0","0","0","8"
"","145019","","415728","","Derek Branch","NEBRASKA","24","S","7","2","0","0","0","0","0"
"","145046","","361949","","Garner Wallace","NWESTERN","18","S","336","8","29","0","7","0","13"
"","145072","","377197","","Andre Turrentine","TENNESSEE","02","S","576","9","43","0","7","1","20"
"","145099","","362831","","Zakee Wheatley","PENN STATE","06","S","416","8","65","1","7","1","12"
"","145199","","362906","","Jayden Williams","UCF","23","S","84","2","8","0","3","0","1"
"","145309","","363527","","Jakobe Thomas","MIAMI FL","08","S","397","8","36","1","11","1","28"
"","145366","","368314","","Tahj Ra-El","PURDUE","21","S","571","9","85","3","11","0","23"
"","145579","","377268","","Xavier Williams","CINCINNATI","36","S","169","9","26","0","2","0","9"
"","145611","","386064","","Darrian Lewis","W VIRGINIA","24","S","376","9","56","0","11","2","33"
"","145764","","362058","","Quentavius Scandrett","ARKANSAS","08","S","23","2","2","0","0","0","0"
"","146097","","367863","","Richard Toney Jr.","PURDUE","43","S","18","3","3","0","0","0","0"
"","146252","","362986","","Dalton Johnson","ARIZONA","43","S","504","8","62","0","9","2","27"
"","146255","","362997","","Isaiah Taylor","MIAMI FL","28","S","43","4","6","3","2","0","2"
"","146375","","373081","","Mitch Leigber","STANFORD","32","S","390","8","30","2","9","0","18"
"","146420","","364264","","Anthony Beavers Jr.","USC","15","S","7","1","1","0","0","0","0"
"","146606","","366865","","Brylan Lanier","MISS STATE","03","S","458","9","41","0","7","3","33"
"","146745","","361691","","Jordan Lovett","KENTUCKY","25","S","478","8","41","3","10","2","19"
"","146776","","380403","","Sage Ryan","OLE MISS","03","S","409","9","28","0","5","0","30"
"","146944","","362923","","Christian Charles","VIRGINIA","04","S","243","9","34","1","6","0","8"
"","146968","","376759","","Marlen Sewell","VANDERBILT","07","S","323","9","32","0","4","0","12"
"","146997","","373395","","Jardin Gilbert","LSU","02","S","48","3","4","0","3","0","2"
"","147474","","368837","","Lorenzo Styles Jr.","OHIO STATE","03","S","229","6","16","1","2","0","18"
"","147503","","363004","","Talan Alfrey","BYU","25","S","41","5","6","1","0","0","4"
"","147534","","363038","","Tanner Wall","BYU","28","S","455","8","36","1","7","3","6"
"","150298","","386463","","Caleb Weaver","DUKE","03","S","425","8","60","3","13","1","17"
"","150315","","369170","","Derek Carter Jr.","W VIRGINIA","13","S","240","8","26","2","4","1","17"
"","154599","","391475","","Ben Finneseth","COLORADO","28","S","251","6","23","0","2","0","1"
"","155781","","372230","","Montrell Bandy","TENNESSEE","37","S","14","2","1","0","0","0","0"
"","155951","","387736","","Dru Polidore Jr.","CAL","02","S","357","7","44","2","3","0","21"
"","155978","","384483","","Parker Robertson","OKLA STATE","08","S","391","9","57","4","17","1","18"
"","156244","","393312","","Kylon Griffin","CLEMSON","18","S","49","6","3","0","0","0","1"
"","156276","","400134","","Christian White","FLORIDA ST","37","S","51","3","6","0","1","0","2"
"","156305","","388512","","Clayton Powell-Lee","GA TECH","05","S","492","9","60","0","12","1","26"
"","156310","","400017","","D.J. Moore","GA TECH","22","S","19","1","3","0","0","0","2"
"","156316","","395948","","D'Angelo Hutchinson","LOUISVILLE","21","S","446","8","53","1","10","1","27"
"","156327","","387026","","Antonio Watts","LOUISVILLE","09","S","479","8","31","3","13","3","34"
"","156333","","406498","","Nick Kelly","MIAMI FL","36","S","3","1","0","0","0","0","0"
"","156378","","450261","","Robbie Engelberg","VIRGINIA","39","S","32","2","3","0","0","0","0"
"","156406","","391878","","Phillip Dunnam","UCF","02","S","503","8","48","3","8","0","18"
"","156415","","386322","","Louis Moore","INDIANA","07","S","431","9","56","2","8","5","25"
"","156431","","386317","","Xavier Nwankpa","IOWA","01","S","425","8","48","0","6","1","14"
"","156432","","406799","","Kael Kolarik","IOWA","26","S","50","4","2","0","0","0","2"
"","156437","","399546","","Koen Entringer","IOWA","04","S","432","8","47","3","8","0","14"
"","156453","","386448","","Gavin Gibson","N CAROLINA","05","S","420","8","34","2","6","1","24"
"","156459","","393089","","Jaeden Gould","UCF","11","S","50","6","5","0","0","0","1"
"","156462","","385719","","Malcolm Hartzog Jr.","NEBRASKA","07","S","74","2","1","0","0","1","6"
"","156472","","407287","","Jalil Martin","SYRACUSE","17","S","49","4","4","0","0","0","5"
"","156476","","385718","","DeShon Singleton","NEBRASKA","08","S","477","9","48","1","5","2","25"
"","156511","","391608","","Timmy Ward","RUTGERS","38","S","33","7","3","0","1","0","0"
"","156702","","386435","","JJ Johnson","NC STATE","16","S","256","6","18","0","7","0","10"
"","156841","","386593","","Micheal Caraway Jr.","FLORIDA","16","S","68","6","6","0","1","0","4"
"","157051","","395008","","Caleb Wooden","ARKANSAS","22","S","483","9","47","3","9","0","11"
"","157078","","391297","","JaCorey Thomas","GEORGIA","20","S","266","8","26","0","2","0","7"
"","157114","","391736","","Jordan Allen","HOUSTON","06","S","454","9","36","0","3","0","18"
"","157236","","396169","","Christian Ellis","VA TECH","08","S","94","4","8","1","2","0","5"
"","157277","","398469","","Scotty Edwards","STANFORD","21","S","332","8","36","0","10","0","19"
"","157356","","386085","","Hershey McLaurin","PURDUE","25","S","166","3","22","0","5","0","3"
"","157507","","393451","","Aidan Gousby","MINNESOTA","07","S","247","7","14","0","6","0","10"
"","157509","","386148","","Coleman Bryson","N CAROLINA","16","S","159","8","9","0","5","0","12"
"","157593","","387557","","Blake Thompson","HOUSTON","00","S","174","8","9","0","3","1","8"
"","157713","","439374","","Braden Keith","COLORADO","30","S","5","1","1","0","0","0","0"
"","157742","","387001","","Miguel Mitchell","ARKANSAS","16","S","336","9","39","0","8","1","11"
"","157744","","453259","","Cruz Rushing","OREGON","34","S","3","1","0","0","0","0","0"
"","157779","","407396","","Jet Dineen","KANSAS ST","14","S","9","4","0","0","0","0","1"
"","157780","","388805","","VJ Payne","KANSAS ST","07","S","521","9","51","1","5","0","28"
"","157942","","386549","","Devin Grant","SYRACUSE","23","S","291","7","30","2","12","0","22"
"","157977","","393557","","Aveon Grose","MICH STATE","30","S","27","4","3","0","0","0","0"
"","158074","","395307","","Robert Spears-Jennings","OKLAHOMA","03","S","405","9","47","1","7","1","19"
"","158101","","395552","","Peyton Williams","S CAROLINA","31","S","427","9","38","0","4","2","15"
"","158116","","386561","","DQ Smith","S CAROLINA","01","S","511","8","53","1","5","1","16"
"","158197","","385627","","Matthew Bailey","ILLINOIS","07","S","499","9","56","2","5","0","20"
"","158206","","426516","","Grayson Griffin","ILLINOIS","35","S","1","1","0","0","0","0","0"
"","158276","","387224","","Ahmaad Moses","SMU","03","S","659","9","57","4","9","5","32"
"","158305","","407299","","Cornell Perry","SYRACUSE","19","S","336","9","33","1","11","0","16"
"","158389","","386373","","Jaden Mangham","MICHIGAN","03","S","244","9","17","1","5","0","4"
"","158397","","398460","","Malik Spencer","MICH STATE","43","S","492","9","40","1","5","0","19"
"","158427","","386675","","Kentrell Webb","HOUSTON","08","S","553","9","49","1","12","0","25"
"","158440","","385940","","Demari Henderson","UCF","08","S","418","8","42","2","10","1","16"
"","158447","","385962","","Nikai Martinez","MICH STATE","01","S","197","4","25","0","3","0","6"
"","158490","","391442","","Tao Johnson","UTAH","05","S","529","9","32","2","9","2","16"
"","158546","","386507","","Keon Sabb","ALABAMA","03","S","428","8","29","0","3","1","12"
"","158549","","386766","","Alfonzo Allen Jr.","FLORIDA","43","S","86","2","15","0","1","0","6"
"","158551","","386776","","Devyn Bobby","BAYLOR","03","S","605","9","62","0","11","0","16"
"","158557","","393081","","Corey Gordon","LOUISVILLE","24","S","158","6","18","1","3","0","9"
"","158640","","386254","","Bryce Anderson","TEXAS A&M","01","S","138","4","12","0","4","0","4"
"","158656","","386315","","Jarred Kerr","TEXAS A&M","33","S","45","3","7","0","0","0","3"
"","158689","","386712","","Austin Brown","WISCONSIN","09","S","425","8","38","1","8","0","24"
"","158698","","397813","","Charlie Jarvis","WISCONSIN","34","S","1","1","0","0","0","0","0"
"","158721","","427732","","Devin Dunn","ARIZONA","29","S","42","4","6","0","0","0","2"
"","159848","","385562","","Chris Joines","RUTGERS","20","S","37","4","4","0","0","0","0"
"","160267","","385688","","Adrian Maddox","GEORGIA","14","S","64","3","2","0","1","0","1"
"","160351","","387373","","Myles Rowser","ARIZONA ST","04","S","532","9","63","3","13","1","30"
"","161375","","391930","","Syeed Gibbs","KANSAS","22","S","230","6","12","0","5","0","18"
"","161406","","386914","","Caleb Flagg","MISSOURI","04","S","33","2","2","0","0","0","2"
"","161671","","408139","","Gerald Kilgore","S CAROLINA","23","S","162","9","11","1","3","2","5"
"","162465","","391455","","Kamari Ramsey","USC","07","S","419","7","22","2","1","0","25"
"","162469","","391484","","Croix Stewart","UCLA","22","S","9","1","1","0","0","0","0"
"","162486","","387252","","Jay Green","STANFORD","05","S","474","7","33","1","1","0","33"
"","162502","","406482","","Tristan Warner","WASHINGTON","32","S","3","1","0","0","0","0","0"
"","162691","","412236","","Dawson Andrew","DUKE","33","S","30","5","3","0","0","0","1"
"","162734","","385936","","Jaden Harris","GEORGIA","12","S","23","1","2","0","0","0","3"
"","162751","","385613","","Will Hardy","N CAROLINA","31","S","322","8","38","1","6","0","13"
"","162803","","407240","","Lavain Scruggs","MARYLAND","13","S","319","8","32","0","3","1","12"
"","162808","","391881","","Nico Andrighetto","MICHIGAN","31","S","4","1","1","0","0","0","0"
"","162839","","398829","","Robert Fitzgerald","NWESTERN","06","S","438","8","70","3","12","0","7"
"","162907","","428423","","Sebastian Jusma","RUTGERS","29","S","27","4","1","0","0","0","0"
"","162994","","395563","","Tyson Flowers","VA TECH","11","S","460","9","36","0","15","0","19"
"","163106","","389054","","Jalen Huskey","MARYLAND","22","S","405","8","53","1","6","4","17"
"","163349","","387062","","A.J. Haulcy","LSU","13","S","457","8","64","1","10","2","29"
"","163601","","393248","","Earl Little Jr.","FLORIDA ST","00","S","442","8","46","0","9","4","13"
"","163652","","393634","","Nick Cull","OLE MISS","29","S","161","4","12","0","1","0","14"
"","163682","","426413","","Tanner Johnson","MISS STATE","28","S","63","5","4","0","3","0","5"
"","163725","","406003","","Savion Riley","GA TECH","13","S","10","1","3","0","1","0","1"
"","163763","","386070","","Christian Harrison","CINCINNATI","05","S","489","9","47","2","11","1","52"
"","163806","","400033","","Jalen Dye","KANSAS","14","S","97","5","10","0","1","0","4"
"","163807","","406613","","Mason Ellis","KANSAS","23","S","159","6","13","1","3","0","7"
"","163847","","428963","","Graham Gillespie","TEXAS","38","S","6","1","1","0","0","0","1"
"","163850","","391392","","Austin Jordan","TCU","01","S","374","8","32","2","4","0","17"
"","163971","","388635","","Fred Perry","W VIRGINIA","05","S","424","9","58","3","16","0","21"
"","163980","","392628","","Larry Worth III","ARKANSAS","03","S","510","9","54","0","3","0","15"
"","164146","","400878","","Cincear Lewis","CINCINNATI","39","S","21","3","3","0","0","0","1"
"","164150","","407665","","Antwan Peek Jr.","CINCINNATI","46","S","245","9","31","0","4","0","8"
"","167564","","390308","","Wydett Williams Jr.","OLE MISS","16","S","487","9","44","0","7","2","35"
"","170001","","407353","","Khalil Barnes","CLEMSON","07","S","314","6","26","1","2","0","18"
"","170002","","412115","","Rob Billings","CLEMSON","14","S","15","2","1","0","0","0","0"
"","170009","","412110","","Ronan Hanafin","CLEMSON","05","S","351","8","47","1","7","1","20"
"","170047","","412220","","Leon Griffin III","DUKE","06","S","18","3","1","0","0","0","1"
"","170060","","415606","","DaShawn Stone","DUKE","08","S","438","8","52","1","7","1","32"
"","170189","","407137","","Tamarcus Cooley","LSU","00","S","482","8","44","2","10","2","27"
"","170199","","412472","","Alex Moore","MARYLAND","18","S","2","2","0","0","0","0","0"
"","170243","","422359","","Rahmir Stewart","NEBRASKA","59","S","3","2","0","0","1","0","0"
"","170252","","408095","","Malik Hartford","OHIO STATE","09","S","38","2","2","0","1","0","1"
"","170280","","406694","","Kolin Dinkins","PENN STATE","31","S","37","4","6","2","2","0","5"
"","170287","","406708","","King Mack","PENN STATE","16","S","296","8","37","0","4","0","9"
"","170292","","436410","","Lamont Payne Jr.","PENN STATE","27","S","5","1","0","0","0","0","1"
"","170301","","406728","","Zion Tracy","PENN STATE","07","S","204","6","17","2","4","0","22"
"","170314","","419422","","Jesse Ofurie","RUTGERS","16","S","27","4","3","1","0","0","1"
"","170330","","407467","","Ashlynd Barker","FLORIDA ST","27","S","300","7","29","0","3","0","14"
"","170338","","407476","","Donny Hiebert","FLORIDA ST","47","S","40","4","3","0","0","0","2"
"","170344","","407486","","Edwin Joseph","FLORIDA ST","03","S","401","8","20","3","2","2","28"
"","170345","","407489","","K.J. Kirkland","FLORIDA ST","24","S","171","8","17","2","1","0","7"
"","170376","","419469","","Zack Myers","NC STATE","24","S","14","2","2","0","0","0","1"
"","170434","","422379","","Zechariah Poyser","MIAMI FL","07","S","429","8","29","1","12","0","17"
"","170438","","405999","","Kekoura Tarnue","W VIRGINIA","14","S","317","8","29","2","5","0","27"
"","170496","","407370","","Da'Marcus Crosby II","VIRGINIA","22","S","39","2","4","0","1","0","2"
"","170717","","407024","","Alex McLaughlin","WASHINGTON","12","S","525","8","64","2","6","2","33"
"","170914","","412533","","Matthew Traynor","WISCONSIN","13","S","36","6","4","0","1","0","3"
"","171098","","406975","","Adon Shuler","NOTRE DAME","08","S","450","8","46","1","9","2","22"
"","171100","","406977","","Luke Talich","NOTRE DAME","28","S","136","8","16","0","3","3","12"
"","171300","","406260","","Santana Banner","MISSOURI","15","S","274","8","26","1","0","1","17"
"","171575","","405997","","Marcus Ratcliffe","TEXAS A&M","03","S","434","8","45","2","5","0","7"
"","171868","","406922","","Genesis Smith","ARIZONA","12","S","504","8","48","2","13","1","14"
"","171902","","406897","","Jaden Milliner-Jones","SMU","11","S","159","7","14","0","2","0","13"
"","171907","","406911","","Carter Stoutmire","COLORADO","23","S","422","7","38","0","8","0","9"
"","171926","","423548","","Vincent Holmes","WASHINGTON","27","S","21","2","2","0","0","0","0"
"","172215","","407800","","Kameron Howard","ALABAMA","06","S","11","1","1","1","2","0","0"
"","172375","","406414","","Caleb Downs","OHIO STATE","02","S","415","8","41","3","6","2","27"
"","172389","","406447","","Tony Mitchell","MISS STATE","09","S","234","8","14","1","5","0","6"
"","172400","","406912","","Jaylon Braxton","OLE MISS","02","S","182","5","12","0","2","0","17"
"","172415","","406952","","TJ Metcalf","MICHIGAN","07","S","488","9","36","3","5","1","33"
"","172420","","450649","","Anton Pierce","ARKANSAS","38","S","3","1","0","0","0","0","0"
"","172432","","450697","","Braylon Watson","ARKANSAS","47","S","3","1","0","0","0","0","0"
"","172437","","406205","","Champ Anthony","AUBURN","01","S","196","7","19","0","6","0","12"
"","172457","","406281","","Terrance Love","COLORADO","06","S","8","1","0","0","0","0","0"
"","172482","","421135","","Kylin Jackson","TCU","19","S","163","8","20","2","7","0","14"
"","172497","","407547","","Javien Toviano","LSU","25","S","55","6","5","0","3","0","3"
"","172501","","407556","","Ryan Yaites","TCU","13","S","19","3","2","0","0","0","0"
"","172557","","407842","","Isaac Smith","MISS STATE","02","S","351","8","37","0","5","1","13"
"","172558","","455961","","Vic Sutton","MISS STATE","34","S","6","1","0","0","0","0","0"
"","172561","","406315","","Marvin Burks Jr.","MISSOURI","01","S","268","8","19","0","5","0","10"
"","172611","","425487","","Jalen Gilbert","VANDERBILT","18","S","31","3","3","0","0","0","3"
"","172978","","388262","","Trevon Gola-Callard","CINCINNATI","06","S","487","9","52","0","10","0","16"
"","173072","","428824","","Taylor Davis","KANSAS","27","S","403","9","33","0","8","1","18"
"","173092","","428589","","Mikey Bergeron","KANSAS ST","17","S","1","1","0","0","0","0","0"
"","173095","","420292","","Daniel Cobbs","KANSAS ST","04","S","277","8","35","3","8","2","21"
"","173102","","407399","","Jack Fabris","KANSAS ST","36","S","23","4","3","0","0","0","0"
"","173103","","407402","","Wesley Fair","KANSAS ST","18","S","375","9","36","1","10","0","18"
"","173120","","407440","","Kanijal Thomas","KANSAS ST","29","S","28","5","5","0","1","0","0"
"","173140","","407012","","Jamel Johnson","TCU","02","S","568","8","72","2","3","4","41"
"","173142","","407015","","Jordan Lester","TCU","22","S","33","5","2","0","0","0","0"
"","173381","","412406","","Amare Ferrell","INDIANA","01","S","465","9","26","1","6","3","24"
"","173399","","422414","","Kerry Brown","MINNESOTA","14","S","431","9","40","4","6","2","30"
"","173414","","431764","","Garrison Monroe","MINNESOTA","23","S","49","4","4","0","0","0","3"
"","173535","","407389","","Justyn Rhett","NEBRASKA","12","S","41","4","2","0","1","0","3"
"","173536","","407344","","Joenel Aguero","GEORGIA","08","S","404","8","32","1","5","1","29"
"","173640","","412557","","Chapman Lewis","TEXAS TECH","25","S","1","1","0","0","0","0","0"
"","173646","","412560","","Jordan Sanford","CAL","17","S","107","8","8","0","4","0","5"
"","173687","","407039","","Peyton Bowen","OKLAHOMA","22","S","453","9","30","1","2","1","19"
"","173694","","407051","","Kendel Dolby","OKLAHOMA","15","S","64","4","8","2","0","0","8"
"","173707","","407271","","Daeh McCullough","LOUISVILLE","28","S","21","1","1","0","1","0","0"
"","173722","","418192","","Jasiah Wagoner","CAL","08","S","229","9","19","0","4","0","19"
"","173969","","415624","","Kanye Clark","UCLA","01","S","110","5","7","0","2","0","7"
"","174005","","406238","","KP Price","BOSTON COL","02","S","565","9","64","3","9","2","29"
"","174058","","429640","","Damon Walters","NWESTERN","21","S","50","3","3","0","1","0","2"
"","174076","","406706","","Cameren Jenkins","BAYLOR","23","S","7","2","1","0","0","0","0"
"","174121","","406541","","Solomon Davis","OREGON","15","S","39","3","4","0","0","0","1"
"","174122","","406612","","Cole Martin","UCLA","21","S","518","8","49","4","11","0","24"
"","174123","","406675","","Tyler Turner","BAYLOR","17","S","266","9","27","0","8","0","9"
"","174157","","406650","","Kapena Gushiken","OLE MISS","14","S","453","9","40","1","4","1","26"
"","174174","","407243","","Christian Pierce","USC","24","S","334","8","36","1","6","0","14"
"","174237","","406355","","Jordan Castell","FLORIDA","14","S","420","7","36","0","5","2","14"
"","174240","","406363","","Sharif Denson","FLORIDA","00","S","310","8","31","2","3","0","24"
"","174242","","421145","","Aaron Gates","FLORIDA","13","S","77","4","6","0","0","0","7"
"","174266","","406430","","Bryce Thornton","FLORIDA","18","S","512","8","34","2","5","0","22"
"","174309","","420296","","Dylan Smith","OKLA STATE","11","S","251","4","16","2","5","0","13"
"","174628","","412340","","DJ Coleman","BAYLOR","33","S","449","9","38","5","3","1","21"
"","174629","","407158","","Micah Gifford","BAYLOR","24","S","42","8","2","0","3","1","2"
"","174639","","415639","","Jacob Redding","BAYLOR","38","S","380","9","46","0","6","3","21"
"","174651","","407223","","Carl Williams IV","BAYLOR","05","S","5","1","1","0","0","0","1"
"","174672","","418131","","Ta'Shawn James","IOWA STATE","19","S","333","8","35","0","5","0","22"
"","174677","","426839","","Caden Matson","IOWA STATE","43","S","7","2","0","0","1","0","0"
"","174683","","407663","","Jamison Patton","IOWA STATE","02","S","497","9","49","1","7","2","39"
"","174690","","423319","","Cam Smith","IOWA STATE","13","S","81","7","7","0","3","0","2"
"","174691","","407673","","Drew Surges","IOWA STATE","29","S","77","8","10","1","4","0","5"
"","174716","","445005","","Aaron Williams","UCLA","07","S","23","3","2","0","3","0","3"
"","174734","","412292","","Jack Luttrell","ARIZONA","13","S","39","3","2","0","2","1","0"
"","174741","","406998","","John Slaughter","COLORADO","13","S","103","8","9","0","4","0","1"
"","174758","","406858","","Devin Dye","KANSAS","11","S","150","7","16","0","0","1","6"
"","174790","","407682","","Braylon Johnson","WAKE","23","S","407","8","22","0","7","0","8"
"","174971","","406312","","Dillon Thieneman","OREGON","31","S","364","8","35","0","4","1","14"
"","175140","","407430","","Ty Bryant","KENTUCKY","14","S","416","8","53","1","7","2","14"
"","175290","","416013","","Abdul Muhammad","SMU","27","S","88","6","5","0","1","0","3"
"","175309","","425450","","Tawfiq Byard","COLORADO","07","S","509","9","64","3","10","1","25"
"","175407","","416060","","Jordan Bass","VA TECH","06","S","271","9","18","1","9","0","11"
"","175409","","424648","","Cruce Brookins","PITTSBURGH","12","S","358","7","43","1","3","1","13"
"","175662","","424691","","Tayden Barnes","CINCINNATI","10","S","165","8","19","1","4","0","21"
"","175863","","406428","","Bray Hubbard","ALABAMA","18","S","436","8","53","2","8","3","31"
"","175884","","449485","","Brayden Slade","FLORIDA","39","S","6","1","0","0","0","0","0"
"","175932","","407262","","Dalton Brooks","TEXAS A&M","25","S","373","7","33","2","15","0","12"
"","175962","","408039","","Mac Resetich","ILLINOIS","00","S","155","8","14","0","8","0","4"
"","175970","","418147","","Saboor Karriem","ILLINOIS","02","S","150","6","19","0","2","0","6"
"","175988","","447918","","Clay Conner","INDIANA","36","S","1","1","0","0","0","0","0"
"","175989","","449203","","Anthony Chung","INDIANA","31","S","35","4","4","0","2","0","1"
"","176010","","406249","","Bishop Fitzgerald","USC","19","S","466","8","49","1","4","5","21"
"","176038","","407198","","Berry Buxton III","SYRACUSE","29","S","180","8","11","0","2","0","6"
"","176055","","429222","","William Tackie Jr.","WAKE","37","S","21","2","1","0","0","0","0"
"","176061","","406253","","Davaughn Patterson","WAKE","05","S","505","8","44","3","6","0","54"
"","176062","","420382","","Rushaun Tongue","WAKE","06","S","89","2","4","0","1","0","1"
"","176180","","406900","","Jelani McDonald","TEXAS","04","S","490","9","58","3","2","2","27"
"","176189","","406908","","Derek Williams Jr.","TEXAS","02","S","175","9","19","0","3","0","13"
"","176277","","406280","","Brandyn Hillman","MICHIGAN","06","S","387","8","38","1","10","1","13"
"","176331","","407380","","Kyron Jones","GEORGIA","31","S","209","6","26","0","2","0","5"
"","176515","","431423","","Jalen Lewis","NWESTERN","26","S","10","1","2","0","0","0","2"
"","176522","","449662","","Jack Bal","ARIZONA ST","25","S","23","2","2","0","1","0","1"
"","176698","","415879","","Adrian Wilson","ARIZONA ST","06","S","488","9","44","1","10","1","13"
"","177865","","407598","","C.J. Douglas","HOUSTON","13","S","73","6","7","0","1","1","1"
"","179622","","413681","","Gavin Edwards","MARYLAND","07","S","122","6","7","0","4","0","5"
"","183200","","431629","","Ricardo Jones","CLEMSON","06","S","436","8","25","1","8","3","26"
"","183207","","436389","","Joe Wilkinson","CLEMSON","31","S","1","1","0","0","0","0","0"
"","183229","","431844","","Dylan Day","MIAMI FL","23","S","40","4","4","0","2","0","4"
"","183256","","448165","","Dayday Aupiu","CAL","11","S","3","1","0","0","0","0","0"
"","183258","","429964","","Isaiah Crosby","CAL","23","S","197","4","26","1","2","1","16"
"","183284","","455854","","Kevin Chadwick Jr.","VIRGINIA","34","S","7","1","1","0","0","0","0"
"","183289","","429468","","Ethan Minter","VIRGINIA","30","S","369","9","33","2","3","1","11"
"","183346","","428424","","Malcolm Ziglar","N CAROLINA","03","S","9","2","0","0","0","1","1"
"","183350","","446330","","Jivan Baly","NC STATE","10","S","66","2","6","0","0","0","6"
"","183351","","450068","","Brody Barnhardt","NC STATE","29","S","209","5","24","1","2","0","9"
"","183355","","444077","","Asaad Brown Jr.","NC STATE","26","S","420","8","35","1","0","1","15"
"","183373","","439363","","Ta'Ron Haile","SYRACUSE","26","S","20","2","0","0","0","0","1"
"","183376","","429262","","Braheem Long Jr.","SYRACUSE","00","S","418","9","44","0","11","1","21"
"","183398","","429229","","Myles Turpin","WAKE","22","S","61","6","8","0","1","0","3"
"","183405","","428367","","CJ Heard","VANDERBILT","08","S","441","9","44","0","14","1","22"
"","183536","","436384","","Justin Denson Jr.","MICH STATE","12","S","45","3","2","0","0","0","1"
"","183549","","447539","","Caleb Benning","NEBRASKA","28","S","54","2","5","0","0","0","2"
"","183560","","453532","","Roger Gradney","NEBRASKA","45","S","4","2","1","0","0","0","0"
"","183561","","449100","","Rex Guthrie","NEBRASKA","21","S","358","9","53","2","6","0","20"
"","183579","","447821","","Braylen Prude","NEBRASKA","29","S","3","1","0","0","0","0","0"
"","183596","","436399","","Antoine Belgrave-Shorter","PENN STATE","03","S","129","7","15","0","2","0","6"
"","183613","","436413","","Vaboue Toure","PENN STATE","21","S","51","3","5","0","1","0","2"
"","183615","","453262","","Jarvis Boatwright Jr.","FLORIDA ST","30","S","14","2","1","0","0","0","0"
"","183619","","431732","","Marquis Gallegos","USC","30","S","35","2","5","2","0","0","3"
"","183627","","449576","","Brandon Shepherd","USC","45","S","1","1","0","0","0","0","0"
"","183646","","429735","","Peyton Waters","N CAROLINA","17","S","30","4","5","0","0","0","0"
"","183688","","445012","","Jacob Oden","MICHIGAN","05","S","40","4","1","0","0","1","3"
"","183702","","428674","","Jaylen McClain","OHIO STATE","18","S","418","8","31","0","3","0","15"
"","183748","","431967","","Kyan McDonald","ARIZONA ST","38","S","8","2","1","0","0","0","0"
"","183784","","443054","","Payton VanSteenkiste","BYU","24","S","3","1","1","0","0","0","1"
"","183793","","429609","","Willie Goodwyn","CINCINNATI","23","S","7","1","1","0","0","0","0"
"","183800","","429645","","Jiquan Sanks","CINCINNATI","09","S","408","9","37","1","6","0","16"
"","183833","","428451","","Kaden McFadden","TCU","18","S","10","4","1","0","0","0","1"
"","183848","","428323","","Jakob Gude","UCF","18","S","7","1","1","0","0","0","0"
"","183850","","443099","","Christian Peterson","UCF","26","S","30","4","1","0","0","0","1"
"","183856","","429003","","Jackson Bennee","UTAH","23","S","406","9","42","1","12","4","27"
"","183875","","441635","","Israel Boyce","W VIRGINIA","07","S","163","9","21","0","7","0","9"
"","183906","","439343","","Landyn Cleveland","OKLA STATE","14","S","239","9","27","2","11","0","23"
"","184104","","433955","","Kennedy Urlacher","USC","28","S","53","3","6","0","0","0","2"
"","184333","","429678","","Jahron Manning","MISS STATE","13","S","424","9","56","2","6","1","30"
"","184402","","430421","","Kaleb Harris","AUBURN","08","S","466","9","46","1","7","0","15"
"","184431","","431507","","Greg Smith","N CAROLINA","12","S","132","7","18","0","0","1","11"
"","184464","","444391","","Joel Rogers","LSU","22","S","2","1","1","0","0","0","0"
"","184477","","428300","","Trajen Greco","MISSOURI","04","S","106","8","6","0","2","0","6"
"","184489","","429657","","David Bucey","S CAROLINA","13","S","111","8","8","0","4","0","1"
"","184508","","444036","","Xavier Filsaime","TEXAS","17","S","172","6","10","0","5","0","4"
"","184511","","429089","","Jordon Johnson-Rubell","TEXAS","23","S","43","3","2","0","1","0","4"
"","184518","","458965","","Ziky Umeozulu","TEXAS","41","S","5","1","0","0","0","0","1"
"","184523","","428774","","Dontae Carter","VANDERBILT","01","S","198","9","29","0","3","0","8"
"","184539","","429346","","Dre Kirkpatrick Jr.","ALABAMA","21","S","44","7","5","1","0","0","2"
"","184541","","429360","","Zavier Mincey","ALABAMA","12","S","136","8","10","0","0","1","4"
"","184549","","428388","","KJ Bolden","GEORGIA","04","S","410","8","39","0","1","1","20"
"","184588","","428288","","Michael Boganowski","OKLAHOMA","25","S","169","9","21","1","2","0","7"
"","184594","","428304","","Jaydan Hardy","OKLAHOMA","01","S","121","8","5","0","3","1","10"
"","184602","","428418","","Reggie Powers III","OKLAHOMA","13","S","244","9","19","1","1","0","15"
"","184653","","447820","","Isaiah Crumpler","RUTGERS","26","S","3","1","0","0","0","0","0"
"","184665","","428472","","Kaj Sanders","RUTGERS","05","S","460","9","50","0","6","0","28"
"","184743","","431868","","Andy Jaffe","OLE MISS","24","S","1","1","0","0","0","0","0"
"","184746","","429756","","Anthony Robinson III","OLE MISS","20","S","22","2","0","0","1","0","5"
"","184751","","429266","","Stonka Burnside","MISS STATE","05","S","13","1","0","0","0","0","1"
"","184766","","434183","","Tyler Woodard","MISS STATE","12","S","42","2","3","0","1","0","1"
"","184800","","431459","","Myles Davis","TEXAS A&M","29","S","45","6","2","0","2","0","0"
"","184823","","444032","","Kris Wokomah","BAYLOR","29","S","3","1","0","0","0","0","0"
"","184825","","436416","","Wyatt Archer","IOWA STATE","44","S","30","3","1","0","0","0","0"
"","184845","","447871","","Aaron Flowers","OREGON","21","S","325","8","42","0","5","1","10"
"","184854","","443969","","Kingston Lopa","OREGON","02","S","123","7","9","0","3","0","5"
"","184880","","429184","","Kaleb Beasley","TENNESSEE","10","S","190","7","13","0","3","0","3"
"","184882","","429204","","Edrees Farooq","TENNESSEE","15","S","518","9","57","0","12","1","15"
"","184896","","428020","","Devynn Cromwell","MICH STATE","27","S","82","6","5","0","4","0","8"
"","184933","","448284","","Noah Jenkins","VA TECH","19","S","6","1","0","0","0","0","0"
"","184938","","428998","","Quentin Reddish","VA TECH","00","S","110","3","13","0","1","1","0"
"","188077","","430865","","Qua Moss","KANSAS ST","06","S","403","9","35","4","6","2","37"
"","188198","","455890","","Drew Robinson","CINCINNATI","35","S","2","1","0","0","0","0","0"
"","188199","","429644","","Marqavious Saboor","CINCINNATI","18","S","19","1","4","0","0","0","1"
"","188256","","428793","","Shamar McIntosh","MARYLAND","26","S","4","1","1","0","0","0","0"
"","188296","","429014","","Rabbit Evans","UTAH","01","S","6","1","0","0","1","0","0"
"","188301","","429036","","Quimari Shemwell","CAL","24","S","3","1","0","0","0","0","0"
"","188662","","453304","","Jah Boyd","INDIANA","16","S","34","4","6","0","0","0","1"
"","188710","","428330","","Koi Perich","MINNESOTA","03","S","528","9","49","1","15","1","23"
"","188860","","441637","","Darrius Davis","STANFORD","29","S","193","7","18","0","5","0","14"
"","188863","","443111","","Charlie Eckhardt","STANFORD","39","S","249","7","27","0","4","0","20"
"","188875","","431567","","Jaylen'Dai Sumlin","STANFORD","03","S","21","3","2","0","0","0","0"
"","189426","","431647","","Christian Pritchett","GA TECH","36","S","30","3","4","0","0","0","4"
"","189532","","444945","","Allen Bryant","PITTSBURGH","26","S","71","6","12","0","0","0","9"
"","189555","","445715","","Jaylen Moses","SMU","26","S","27","5","4","0","0","0","2"
"","189646","","450523","","Jarinn Kalama","BYU","35","S","3","1","0","0","0","0","0"
"","189647","","450528","","Matthias Leach","BYU","27","S","3","1","0","0","0","0","0"
"","189653","","429941","","Faletau Satuala","BYU","11","S","357","8","53","6","3","2","20"
"","189682","","447454","","Kyler Gerardy","IOWA","19","S","29","3","1","0","1","0","0"
"","189879","","446261","","Tae Johnson","NOTRE DAME","09","S","474","8","43","0","2","3","20"
"","190184","","431388","","Charlie Comella","BOSTON COL","32","S","47","4","7","0","1","0","4"
"","190201","","431402","","Omar Thornton","BOSTON COL","00","S","514","9","69","5","18","1","21"
"","190208","","428564","","Dashawn Spears","LSU","10","S","94","8","8","0","0","2","7"
"","190219","","449189","","Jackson Hancock","MISSOURI","34","S","16","2","3","0","1","0","0"
"","190333","","428329","","Jaylen Heyward","UCF","17","S","26","2","1","0","0","0","1"
"","190353","","449570","","Isaiah Rubin","USC","38","S","12","1","0","0","0","0","0"
"","190435","","429561","","Cam Dooley","KENTUCKY","18","S","172","8","17","1","4","0","5"
"","190827","","439250","","Mason Curtis","MICHIGAN","25","S","274","8","20","0","4","1","11"
"","190870","","443098","","Ronnie Royal III","NC STATE","02","S","394","8","40","0","7","1","27"
"","190918","","449427","","Isaiah Needam","PURDUE","49","S","1","1","0","0","0","0","0"
"","191196","","429268","","Fatt Forrest","MISS STATE","00","S","16","2","2","0","0","0","1"
"","191207","","429322","","Cyrus Reyes","MISS STATE","19","S","36","3","1","0","0","0","3"
"","191297","","448791","","Khijohnn Cummings-Coleman","IOWA STATE","20","S","101","5","8","0","1","0","7"
"","191309","","429420","","Marcus Neal Jr.","IOWA STATE","31","S","515","9","67","6","8","1","21"
"","191316","","441755","","Carson Van Dinter","IOWA STATE","36","S","92","8","6","0","5","0","9"
"","191317","","449830","","Connor Welsch","IOWA STATE","17","S","3","1","0","0","0","0","0"
"","191329","","428956","","Peyton Woodyard","OREGON","12","S","129","8","16","0","2","1","3"
"","191330","","0","","Tyler Armstead","PENN STATE","35","S","12","2","0","0","0","0","0"
"","191339","","428519","","Dejuan Lane","PENN STATE","10","S","152","7","21","1","3","0","8"
"","191344","","436414","","Kenny Woseley Jr.","PENN STATE","17","S","183","6","11","1","2","0","16"
"","191348","","447835","","Malik Esquerra","TEXAS TECH","24","S","114","7","5","0","1","0","4"
"","191351","","444033","","Oliver Miles III","TEXAS TECH","15","S","42","3","3","0","0","0","2"
"","191352","","447574","","Peyton Morgan","TEXAS TECH","17","S","81","7","6","0","1","0","1"
"","193190","","446266","","Leroy Roker III","OHIO STATE","28","S","34","4","4","0","1","0","0"
"","193199","","441633","","David Kabongo","OKLA STATE","18","S","121","4","12","0","3","0","5"
"","193233","","429695","","TJ Banks","OLE MISS","07","S","148","7","11","0","4","0","8"
"","198088","","449002","","Ivan Taylor","ALABAMA","13","S","17","2","2","0","0","0","0"
"","198145","","448934","","AnQuon Fegans","AUBURN","21","S","145","9","13","0","2","1","10"
"","198155","","449031","","Eric Winters","AUBURN","25","S","162","9","23","1","4","0","7"
"","198240","","449122","","Aiden Manutai","CAL","14","S","429","8","27","1","9","0","16"
"","198261","","453376","","CJ Jones","CINCINNATI","19","S","19","1","0","0","0","0","1"
"","198271","","455883","","Terrell Holcomb","CINCINNATI","24","S","11","1","2","0","0","0","0"
"","198278","","455879","","CJ Crite","CINCINNATI","20","S","21","1","1","0","0","0","0"
"","198336","","449411","","Ma'khi Jones","DUKE","26","S","129","8","19","0","2","0","4"
"","198424","","453268","","Antonio Cromartie Jr.","FLORIDA ST","33","S","28","2","3","0","0","0","3"
"","198434","","453286","","Max Redmon","FLORIDA ST","21","S","20","2","1","0","0","0","0"
"","198516","","449130","","Xanai Scott","ILLINOIS","13","S","12","2","0","0","0","0","0"
"","198529","","449229","","Garrett Reese","INDIANA","33","S","6","1","0","0","0","0","0"
"","198560","","449820","","Josh Patterson","IOWA STATE","25","S","74","3","2","0","2","0","3"
"","198599","","448796","","Logan Bartley","KANSAS ST","10","S","122","8","15","1","2","0","5"
"","198728","","449580","","Messiah Delhomme","MARYLAND","33","S","327","8","30","0","1","1","26"
"","198792","","449763","","Jordan Young","MICHIGAN","14","S","66","6","7","0","2","1","5"
"","198860","","451344","","Ja'Bryis Stewart","MISS STATE","36","S","16","2","2","0","0","0","0"
"","198880","","449150","","CJ Bass III","MISSOURI","30","S","27","2","3","0","0","0","1"
"","198973","","450150","","Tristan Teasdell","NC STATE","19","S","125","3","11","0","2","2","5"
"","199007","","453362","","Alijah Jones","NWESTERN","00","S","28","2","4","0","0","0","0"
"","199008","","449253","","Jon Stevens Jr.","NWESTERN","29","S","83","5","8","1","2","0","7"
"","199038","","450114","","Omarion Robinson","OKLAHOMA","02","S","30","4","2","0","0","0","1"
"","199078","","449563","","Josh Guerrier","PITTSBURGH","14","S","127","8","12","0","3","0","9"
"","199097","","466477","","Vi'Naz Cobb","PURDUE","15","S","9","2","1","0","1","0","0"
"","199123","","456049","","Renick Dorilas","RUTGERS","12","S","1","1","0","0","0","0","0"
"","199169","","450195","","Tyren Polley","SMU","10","S","27","1","3","0","0","0","2"
"","199267","","456128","","Julius Simms","TCU","31","S","53","4","10","1","0","0","0"
"","199295","","458952","","Zelus Hicks","TEXAS","13","S","6","1","0","0","0","0","0"
"","199300","","458966","","Jonah Williams","TEXAS","09","S","18","2","1","0","0","0","1"
"","199388","","454033","","Tony Williams","UCF","03","S","7","1","3","0","1","0","0"
"","199409","","449528","","Steve Miller","USC","36","S","8","1","0","0","0","0","0"
"","199414","","465102","","Alex Graham","USC","27","S","8","1","1","0","0","0","0"
"","199446","","449437","","Nate Tilmon","UTAH","21","S","142","8","10","0","2","0","4"
"","199507","","449343","","Rylon Dillard-Allen","WASHINGTON","18","S","155","8","21","0","2","0","5"
"","199547","","451364","","Chris Fileppo","W VIRGINIA","34","S","50","6","4","0","2","0","0"
"","199566","","414039","","Matthew Jung","WISCONSIN","29","S","377","8","39","1","7","0","10"
"","199576","","453355","","Grant Dean","WISCONSIN","16","S","9","1","0","0","0","0","0"
"","199617","","449308","","Omarion Davis","BOSTON COL","27","S","133","6","15","0","6","0","8"
"","199685","","449144","","Tae Harris","GA TECH","27","S","142","6","14","0","2","0","5"
"","199760","","458872","","Jhase Thomas","LSU","28","S","1","1","0","0","0","0","0"
"","199766","","453338","","Jacob Bradford","LSU","24","S","1","1","0","0","0","0","0"
"","199771","","448974","","CJ Jimcoily","LSU","31","S","13","3","1","0","0","0","0"
"","199813","","453628","","Tanner Terch","NEBRASKA","41","S","1","1","0","0","0","0","0"
"","199842","","460996","","Ethan Long","NOTRE DAME","22","S","2","1","0","0","0","0","0"
"","199856","","449023","","Faheem Delane","OHIO STATE","10","S","47","5","6","1","0","0","2"
"","199944","","449264","","Jaquel Holman","S CAROLINA","18","S","12","3","0","0","0","0","1"
"","199952","","453932","","Kendall Daniels Jr.","S CAROLINA","05","S","15","3","0","0","2","0","1"
"","199975","","451174","","Sidney Walton","TENNESSEE","26","S","102","6","7","0","3","0","4"
"","199980","","453403","","Dylan Lewis","TENNESSEE","24","S","3","1","0","0","0","0","0"
"","199988","","453337","","Rashad Johnson","TEXAS A&M","13","S","17","1","1","0","0","0","1"
"","200077","","450677","","JJ Shelton","ARKANSAS","20","S","11","2","1","0","0","0","0"
"","200082","","450647","","Taijh Overton","ARKANSAS","18","S","4","1","1","0","0","0","0"
"","200103","","449096","","Bo Onu","BAYLOR","21","S","40","5","4","0","1","0","2"
"","200134","","449436","","Lagonza Hayward","FLORIDA","02","S","70","4","7","1","2","0","6"
"","200143","","449126","","Martels Carter Jr.","KENTUCKY","04","S","24","1","3","0","2","0","1"
"","200147","","455983","","Dyllon Williams","KENTUCKY","13","S","12","1","0","0","0","0","1"
"","200263","","449699","","Vanzale Hinton","VANDERBILT","33","S","45","6","2","0","0","0","5"
"","200264","","449774","","Carson Lawrence","VANDERBILT","23","S","104","5","7","0","2","0","8"
"","200278","","450340","","Montino Williams","VIRGINIA","31","S","22","2","4","0","1","0","1"
"","204005","","449450","","Andrew Pellicciotta","DUKE","35","S","98","8","11","0","1","1","7"
"","204159","","453580","","Zack Harden","MINNESOTA","26","S","5","3","0","0","0","0","0"
"","204266","","463605","","Cole Woodson","PITTSBURGH","17","S","9","1","2","0","0","0","2"
"","204312","","455818","","Ziyyon Bredell","SYRACUSE","25","S","11","1","2","0","0","0","0"
"","204412","","453651","","Brock Fonoimoana","UTAH","36","S","35","3","5","1","0","0","1"
"","204462","","0","","Blake Brisker","ARKANSAS","31","S","1","1","0","0","0","0","0"
"","204504","","449179","","Bryce Fitzgerald","MIAMI FL","13","S","158","8","6","0","1","3","7"
"","204866","","0","","Daniel Okonkwo","GEORGIA","26","S","1","1","0","0","0","0","0"
"","205449","","453453","","Kendarius Reddick","USC","41","S","40","2","6","0","1","0","6"
"","205499","","458930","","Sheldon Robinson","VA TECH","14","S","175","6","17","1","1","0","6"
"","205506","","458927","","Brennan Johnson","VA TECH","15","S","52","5","4","0","3","0","2"
"","207797","","449345","","Coleman Patmon","ARIZONA","26","S","56","4","6","0","0","0","0"
"","207817","","461028","","Marcus Upton","BOSTON COL","20","S","88","5","8","0","2","0","3"
"","208866","","451373","","Kaleb Gray","W VIRGINIA","28","S","3","1","0","0","0","0","0"
"","208867","","451401","","Julien Horton","W VIRGINIA","39","S","3","1","1","0","0","0","0"