"Rank","Player Id","Player GSIS","Player College GSIS","Player Sportradar Id","Name","Team","#","POS","SNAPS","GAMES","REC","EXPL","YAC","CTC"
"","54221","","360931","","Sterling Berkhalter","WAKE","04","WR","341","8","19","6","71","6"
"","70721","","391869","","Kevin Green Jr.","WASHINGTON","00","WR","31","5","0","0","0","0"
"","71698","","406267","","Jayden Dixon-Veal","CAL","10","WR","50","6","2","0","2","0"
"","72336","","450569","","Rowan Reay","BYU","29","WR","21","1","1","0","1","1"
"","86525","","408040","","Camden Jordan","INDIANA","89","WR","9","4","0","0","0","0"
"","97105","","329370","","Cam Ross","VIRGINIA","06","WR","326","8","34","10","201","1"
"","97171","","350216","","Alante Brown","MICH STATE","00","WR","3","2","0","0","0","0"
"","97321","","336987","","Ryan Davis","UTAH","09","WR","512","9","56","11","203","4"
"","97813","","340213","","Donavon Greene","VA TECH","03","WR","431","9","16","7","105","3"
"","121426","","347789","","Caullin Lacy","LOUISVILLE","05","WR","465","8","45","8","294","2"
"","121734","","351876","","EJ Horton Jr.","PURDUE","13","WR","275","8","20","4","65","1"
"","122164","","348233","","E.J. Williams Jr.","INDIANA","07","WR","407","9","26","6","78","5"
"","122519","","348208","","Daniel Jackson","IOWA STATE","16","WR","3","1","0","0","0","0"
"","122707","","350090","","Christian Fitzpatrick","OKLA STATE","16","WR","141","7","9","3","23","1"
"","123051","","349936","","Trebor Pena","PENN STATE","08","WR","356","8","27","5","143","2"
"","123090","","349453","","Caleb Medford","KANSAS ST","88","WR","11","5","0","0","0","0"
"","123276","","348113","","Sincere Brown","COLORADO","09","WR","438","9","17","6","192","2"
"","123418","","349339","","Preston Fox","W VIRGINIA","29","WR","109","8","4","1","7","1"
"","123874","","348831","","CJ Daniels","MIAMI FL","07","WR","335","7","34","8","131","7"
"","124207","","350680","","J.J. Hester","KENTUCKY","04","WR","145","7","7","0","25","0"
"","124211","","350681","","Ja'Mori Maclin","KENTUCKY","09","WR","287","7","12","3","46","0"
"","124519","","412708","","Joshua Manning","MISSOURI","00","WR","407","8","22","5","95","3"
"","124972","","384824","","Logan Muckey","MISSOURI","82","WR","37","5","0","0","0","0"
"","125137","","428462","","Kendrick Bell","MICHIGAN","10","WR","44","6","1","1","15","0"
"","126530","","360784","","Karate Brenson","WAKE","14","WR","54","4","1","1","14","0"
"","127145","","386858","","Jay Fair","USC","09","WR","52","6","1","0","1","0"
"","127787","","361700","","Jaden Bray","W VIRGINIA","05","WR","72","2","7","1","25","2"
"","128916","","366502","","Taylor Spierto","FLORIDA","30","WR","15","1","1","0","0","0"
"","129427","","351355","","Deuce Spann","PITTSBURGH","07","WR","238","9","13","5","82","2"
"","129648","","350372","","Doug Emilien","KANSAS","05","WR","92","9","3","0","29","0"
"","131244","","372754","","Jaedon Wilson","UCLA","11","WR","30","4","2","0","1","0"
"","131255","","406888","","Johntay Cook","SYRACUSE","02","WR","400","9","40","11","187","4"
"","131713","","351123","","Kris Hutson","ARIZONA","04","WR","291","7","29","9","79","6"
"","131758","","351130","","Bryce Farrell","STANFORD","11","WR","399","9","26","7","127","5"
"","131801","","351058","","Logan Loya","MINNESOTA","17","WR","113","7","9","0","38","1"
"","131819","","351493","","Gary Bryant Jr.","OREGON","02","WR","307","8","25","6","190","1"
"","131910","","351656","","Sawyer Racanelli","WAKE","09","WR","113","7","6","4","58","2"
"","134273","","425442","","Cole Adams","ALABAMA","07","WR","24","3","3","2","36","0"
"","134761","","351513","","Izaiah Hartrup","OLE MISS","15","WR","15","3","2","0","10","0"
"","142206","","353454","","Roy Alexander","TEXAS TECH","18","WR","27","3","3","1","16","0"
"","142775","","354646","","Justin Smith-Brown","W VIRGINIA","11","WR","210","9","7","2","92","1"
"","143817","","362209","","Lewis Bond","BOSTON COL","11","WR","559","9","64","13","307","3"
"","143833","","394980","","Luke McLaughlin","BOSTON COL","83","WR","27","6","5","2","31","0"
"","143854","","365944","","Sahmir Hagans","DUKE","02","WR","377","8","29","9","120","3"
"","143886","","363000","","Malik McClain","ARIZONA ST","12","WR","619","9","16","8","93","3"
"","143929","","368543","","Malik Rutherford","GA TECH","08","WR","193","8","24","5","154","1"
"","143936","","367643","","Romello Brinson","SMU","03","WR","522","9","41","12","287","3"
"","143958","","360179","","Gavin Blackwell","FLORIDA ST","06","WR","16","3","0","0","0","0"
"","143974","","361326","","Kobe Paysour","N CAROLINA","08","WR","308","8","15","7","94","1"
"","144048","","371974","","Umari Hatcher","SYRACUSE","05","WR","4","1","0","0","0","0"
"","144089","","362366","","Da'Wain Lofton","OKLA STATE","05","WR","14","1","1","0","1","0"
"","144111","","361560","","Dacari Collins","LOUISVILLE","03","WR","153","8","10","3","18","3"
"","144139","","367023","","Troy Stellato","KENTUCKY","00","WR","35","4","1","0","0","0"
"","144188","","366067","","Horatio Fields","AUBURN","05","WR","153","4","12","0","25","2"
"","144234","","369146","","Will Pauling","NOTRE DAME","02","WR","253","8","20","10","94","5"
"","144255","","361053","","Raylen Sharpe","ARKANSAS","06","WR","339","9","33","12","181","6"
"","144279","","367810","","Eric Rivers","GA TECH","03","WR","402","9","32","9","216","1"
"","144361","","363173","","Dylan Goffney","SMU","18","WR","14","2","1","1","10","0"
"","144451","","391862","","Marquis Shoulders","HOUSTON","14","WR","7","3","0","0","0","0"
"","144464","","360401","","Titus Mokiao-Atimalala","UCLA","02","WR","324","8","20","7","80","1"
"","144513","","368544","","Josh Cameron","BAYLOR","34","WR","658","9","49","16","235","10"
"","144563","","406655","","Mack Moeller","KANSAS","80","WR","10","1","1","0","1","0"
"","144596","","391407","","Xavier Loyd","MISSOURI","06","WR","92","8","1","1","6","0"
"","144623","","362059","","Jalil Farooq","MARYLAND","01","WR","318","8","35","8","272","1"
"","144761","","373379","","Jerand Bradley","KANSAS ST","05","WR","173","7","13","3","67","0"
"","144829","","359936","","Donaven McCulley","MICHIGAN","01","WR","476","9","26","9","110","6"
"","144916","","361842","","Andrel Anthony","DUKE","01","WR","266","8","22","5","74","5"
"","144921","","371988","","Peyton O'Leary","MICHIGAN","81","WR","4","1","0","0","0","0"
"","144969","","361552","","Le'Meke Brockington","MINNESOTA","00","WR","407","9","37","9","125","5"
"","144973","","359803","","Quentin Redding","MINNESOTA","81","WR","6","1","0","0","0","0"
"","144978","","386168","","Dino Kaliakmanis","RUTGERS","83","WR","15","2","1","0","0","1"
"","145033","","361943","","Jordan Mosley","MISS STATE","04","WR","283","9","8","4","52","0"
"","145036","","361932","","Jacob Gill","IOWA","05","WR","272","8","15","3","31","4"
"","145054","","366310","","Jayden Ballard","WISCONSIN","04","WR","168","8","7","3","61","1"
"","145089","","386132","","Liam Clifford","PENN STATE","02","WR","95","8","3","0","0","2"
"","145090","","368489","","Harrison Wallace III","OLE MISS","02","WR","481","9","30","13","194","5"
"","145107","","366765","","Deion Burks","OKLAHOMA","04","WR","563","9","46","10","215","9"
"","145160","","362942","","Markus Allen","MISS STATE","07","WR","37","4","1","0","0","1"
"","145189","","385714","","Tony Johnson","MIAMI FL","17","WR","109","8","7","5","87","1"
"","145196","","384890","","Jahmal Edrine","VIRGINIA","07","WR","487","9","34","11","113","5"
"","145224","","384514","","Dean Patterson","GA TECH","11","WR","219","9","7","2","139","1"
"","145365","","367288","","Levi Wentz","KANSAS","10","WR","307","9","12","4","76","0"
"","145441","","360412","","Fred Farrier II","KENTUCKY","13","WR","174","7","6","2","58","0"
"","145589","","362322","","Oran Singleton Jr.","W VIRGINIA","03","WR","79","4","4","0","19","0"
"","145976","","393431","","Eric McAlister","TCU","01","WR","466","8","36","16","350","7"
"","146110","","361901","","Luke Wysong","ARIZONA","15","WR","139","8","18","7","125","0"
"","146244","","377244","","Anthony Simpson","MICHIGAN","05","WR","24","4","0","0","0","0"
"","146288","","366900","","J. Michael Sturdivant","FLORIDA","09","WR","356","8","17","8","64","3"
"","146290","","387641","","Trond Grizzell","CAL","07","WR","524","9","37","15","113","9"
"","146387","","359538","","Keontez Lewis","OKLAHOMA","09","WR","273","6","19","6","44","4"
"","146389","","359507","","Ezavier Staples","UCLA","04","WR","27","5","2","0","0","1"
"","146411","","364260","","Kyron Hudson","PENN STATE","01","WR","391","8","20","6","19","3"
"","146412","","364398","","Michael Jackson III","PURDUE","02","WR","472","9","51","10","184","7"
"","146413","","364262","","Joseph Manjack IV","TCU","14","WR","234","7","21","9","142","2"
"","146415","","364408","","Josiah Zamora","USC","44","WR","10","1","0","0","0","0"
"","146508","","363136","","De'Zhaun Stribling","OLE MISS","01","WR","453","9","25","6","200","3"
"","146699","","383441","","Marcus Burke","UCF","03","WR","229","7","11","6","39","5"
"","146733","","361671","","Dekel Crowdus","WISCONSIN","14","WR","22","6","1","0","5","0"
"","146734","","361692","","Chauncey Magwood","PURDUE","05","WR","28","2","2","1","6","0"
"","146735","","385978","","Devonte Ross","PENN STATE","05","WR","254","8","23","4","143","2"
"","146762","","362573","","Chris Hilton Jr.","LSU","03","WR","161","8","5","0","11","0"
"","146810","","423503","","Joshua Pfeifer","OLE MISS","82","WR","6","2","0","0","0","0"
"","146910","","362930","","Eriq Rice","S CAROLINA","12","WR","1","1","0","0","0","0"
"","146913","","385269","","O'Mega Blake","ARKANSAS","09","WR","529","9","52","19","225","10"
"","147081","","377326","","Jared Brown","S CAROLINA","14","WR","73","6","3","1","9","3"
"","147222","","362357","","Ashtyn Hawkins","BAYLOR","06","WR","602","9","42","10","188","6"
"","147370","","359460","","Keelan Marion","MIAMI FL","00","WR","329","8","24","9","72","2"
"","147485","","384496","","Jayden Thomas","VIRGINIA","08","WR","131","9","3","0","2","1"
"","147528","","386517","","Chase Roberts","BYU","02","WR","434","8","33","17","231","5"
"","147931","","380486","","Seth Anderson","IOWA","06","WR","233","7","9","1","21","1"
"","148152","","386965","","Eli Green","IOWA STATE","06","WR","131","9","8","2","20","2"
"","148731","","378798","","Bryson Canty","KANSAS","11","WR","139","9","10","4","33","2"
"","149331","","366741","","Asante Das","USC","86","WR","1","1","0","0","0","0"
"","149832","","387714","","Javin Whatley","ARIZONA","06","WR","296","8","33","7","195","2"
"","149833","","387703","","Sam Phillips","IOWA","02","WR","305","8","12","6","27","1"
"","149997","","354119","","Raphael Williams Jr.","PITTSBURGH","05","WR","545","9","35","15","154","1"
"","151069","","366033","","Malachi Fields","NOTRE DAME","00","WR","448","8","24","12","170","4"
"","154188","","391945","","Jeff Caldwell","CINCINNATI","09","WR","250","9","21","9","94","3"
"","155982","","384812","","Mekhi Mews","HOUSTON","04","WR","97","9","6","1","41","0"
"","156239","","400132","","Cole Turner","CLEMSON","22","WR","149","8","8","2","67","1"
"","156241","","388741","","Antonio Williams","CLEMSON","00","WR","243","6","34","11","240","2"
"","156321","","394954","","Chris Bell","LOUISVILLE","00","WR","471","8","56","14","302","9"
"","156382","","407083","","Eli Wood","VIRGINIA","82","WR","98","8","6","2","22","1"
"","156395","","386284","","Omar Cooper Jr.","INDIANA","03","WR","481","9","47","12","358","4"
"","156429","","429572","","Alex Eichmann","IOWA","17","WR","4","2","1","0","5","0"
"","156448","","406809","","Kaden Wetjen","IOWA","21","WR","120","8","17","4","145","0"
"","156471","","406421","","Janiran Bonner","NEBRASKA","04","WR","15","1","1","0","3","0"
"","156480","","393503","","Kyion Grayes","CAL","09","WR","38","3","0","0","0","0"
"","156582","","386049","","Cyrus Allen","CINCINNATI","04","WR","319","9","35","8","242","1"
"","156892","","386055","","Bobby Golden","LOUISVILLE","81","WR","6","1","1","0","2","0"
"","156940","","385537","","Jonathan Brady","INDIANA","00","WR","124","9","11","1","34","1"
"","156980","","393481","","Tobias Merriweather","UTAH","18","WR","196","7","9","3","32","1"
"","157004","","386944","","Kendrick Law","KENTUCKY","01","WR","363","8","32","8","422","1"
"","157010","","407508","","Aaron Anderson","LSU","01","WR","205","7","31","9","234","4"
"","157048","","386881","","Omari Kelly","MICH STATE","01","WR","527","9","40","14","160","5"
"","157100","","386805","","Dane Key","NEBRASKA","06","WR","437","9","26","9","87","4"
"","157194","","424599","","Coben Bourguet","ARIZONA ST","88","WR","1","1","0","0","0","0"
"","157248","","406606","","Justius Lowe","OREGON","14","WR","56","4","3","0","21","0"
"","157295","","391857","","Major Everhart","TCU","03","WR","88","6","9","3","107","0"
"","157298","","385956","","Jordan Hudson","SMU","02","WR","350","7","38","12","246","4"
"","157318","","385861","","Haydon Wiginton","TEXAS TECH","19","WR","16","2","0","0","0","0"
"","157337","","397561","","Coy Eakin","TEXAS TECH","03","WR","428","9","35","9","216","4"
"","157361","","393349","","Jarel Williams","W VIRGINIA","10","WR","14","3","0","0","0","0"
"","157423","","394945","","Terrell Timmons Jr.","COLORADO","82","WR","69","4","4","3","41","0"
"","157428","","391490","","Ashton Locklear","NC STATE","27","WR","25","3","1","0","-1","0"
"","157534","","386144","","Wesley Grimes","NC STATE","06","WR","300","8","21","8","99","3"
"","157566","","429989","","Quaron Adams","CAL","18","WR","47","7","7","4","51","0"
"","157569","","436419","","Ty Claiborne","IOWA STATE","89","WR","11","2","0","0","0","0"
"","157579","","407626","","Carson Brown","IOWA STATE","10","WR","120","8","7","1","11","1"
"","157616","","386114","","Kaleb Webb","MARYLAND","84","WR","184","8","10","6","56","1"
"","157640","","393073","","Tucker Holloway","VA TECH","11","WR","51","4","5","2","17","0"
"","157652","","423083","","Devin Alves","VA TECH","81","WR","79","7","2","1","3","1"
"","157690","","386011","","Jordyn Tyson","ARIZONA ST","00","WR","515","7","62","16","270","7"
"","157700","","386010","","Chase Sowell","IOWA STATE","00","WR","325","9","22","8","99","5"
"","157703","","398458","","Cole Boscia","CAL","82","WR","13","2","0","0","0","0"
"","157740","","395382","","Caleb Douglas","TEXAS TECH","05","WR","577","9","43","16","205","5"
"","157758","","425504","","Sterling Lockett","KANSAS ST","06","WR","72","7","1","0","0","0"
"","157794","","386012","","Stephon Johnson","HOUSTON","05","WR","336","6","14","7","104","1"
"","158022","","386915","","Reggie Virgil","TEXAS TECH","01","WR","550","9","37","9","123","6"
"","158028","","391662","","Javon Tracy","MINNESOTA","11","WR","358","9","27","8","135","3"
"","158042","","399233","","Dane Pardridge","RUTGERS","89","WR","6","2","0","0","0","0"
"","158078","","386683","","Gavin Freeman","OKLA STATE","17","WR","318","9","36","6","266","3"
"","158090","","395010","","Nic Anderson","LSU","04","WR","215","8","10","1","16","0"
"","158111","","413185","","DJ Black","UCF","09","WR","360","8","19","6","101","2"
"","158146","","385484","","Jeff Weimer","W VIRGINIA","16","WR","329","9","10","5","45","1"
"","158198","","385633","","Hank Beatty","ILLINOIS","80","WR","369","9","49","19","381","4"
"","158207","","394225","","Ashton Hollins","ILLINOIS","02","WR","47","8","3","2","41","0"
"","158320","","393478","","Jordan King","CAL","04","WR","277","9","20","8","59","3"
"","158326","","407856","","Jaiven Plummer","CAL","84","WR","63","8","1","1","7","0"
"","158374","","386301","","Germie Bernard","ALABAMA","05","WR","490","8","41","18","272","2"
"","158382","","391605","","Jaron Glover","MISS STATE","18","WR","39","6","0","0","0","0"
"","158385","","386365","","Tyrell Henry","WISCONSIN","03","WR","77","6","5","1","10","0"
"","158409","","386594","","Chris Brazzell II","TENNESSEE","17","WR","558","9","52","24","223","7"
"","158455","","385984","","Xavier Townsend","IOWA STATE","04","WR","158","9","18","7","84","1"
"","158457","","385986","","Dwartney Wortham","UCF","87","WR","4","1","0","0","0","0"
"","158471","","386612","","CJ Williams","STANFORD","03","WR","501","9","48","15","151","12"
"","158475","","391431","","Luca Caldarella","UTAH","19","WR","4","2","0","0","0","0"
"","158489","","399000","","Nate Johnson","UTAH","03","WR","57","6","0","0","0","0"
"","158678","","386386","","Noah Thomas","GEORGIA","05","WR","232","8","6","3","12","2"
"","158687","","385851","","Vinny Anthony II","WISCONSIN","08","WR","350","8","26","8","125","5"
"","158688","","401424","","Chris Brooks Jr.","WISCONSIN","01","WR","250","8","8","1","25","1"
"","158727","","428858","","Rex Haynes","ARIZONA","10","WR","13","2","0","0","0","0"
"","158967","","387158","","Jordan Dwyer","TCU","07","WR","513","8","38","12","144","7"
"","159085","","393658","","TreyShun Hurry","LOUISVILLE","02","WR","176","8","9","0","19","1"
"","159333","","395583","","Cooper Barkate","DUKE","18","WR","412","8","47","21","305","8"
"","159480","","386121","","Makai Jackson","INDIANA","02","WR","51","4","3","0","0","0"
"","159499","","386133","","Elijah Sarratt","INDIANA","13","WR","467","9","45","15","250","6"
"","159603","","386152","","Justin Bowick","ILLINOIS","00","WR","196","8","15","6","30","3"
"","159604","","386237","","Cam Thompson","MISS STATE","12","WR","35","3","0","0","0","0"
"","160356","","407945","","VJ Wilkins","BOSTON COL","21","WR","57","7","4","2","35","0"
"","160756","","391985","","Kevin Coleman Jr.","MISSOURI","03","WR","364","8","51","13","292","9"
"","161259","","387095","","Tommy Winton III","TENNESSEE","84","WR","15","2","3","0","16","0"
"","162481","","391471","","Denzel Boston","WASHINGTON","12","WR","470","8","44","21","212","6"
"","162635","","406390","","Devan Williams","HOUSTON","08","WR","39","3","0","0","0","0"
"","162664","","391873","","Joseph Griffin Jr.","WISCONSIN","12","WR","19","4","1","0","1","0"
"","162680","","446906","","Ismael Zamor","BOSTON COL","82","WR","14","2","0","0","0","0"
"","162730","","411249","","Sam Young","LOUISVILLE","18","WR","1","1","0","0","0","0"
"","162735","","396630","","Isaiah Horton","ALABAMA","01","WR","330","8","23","7","61","2"
"","162739","","386013","","Colbie Young","GEORGIA","08","WR","287","7","24","8","153","1"
"","162748","","385481","","Andre Greene Jr.","VIRGINIA","02","WR","40","3","1","0","2","0"
"","162798","","391386","","Shaleak Knotts","MARYLAND","04","WR","370","8","26","11","110","2"
"","162805","","386479","","Octavian Smith Jr.","MARYLAND","05","WR","416","8","30","10","156","1"
"","162830","","456032","","Bryce Wilcox","MICHIGAN","38","WR","3","1","0","0","0","0"
"","162833","","415816","","Roman Mangini","NEBRASKA","26","WR","6","2","0","0","0","0"
"","162858","","398338","","David Adolph","OHIO STATE","82","WR","15","4","1","0","6","0"
"","163093","","431458","","Cam Pickett","KANSAS","07","WR","250","9","33","7","197","1"
"","163133","","387182","","Trell Harris","VIRGINIA","11","WR","451","9","39","11","222","4"
"","163139","","400454","","Chrishon McCray","MICH STATE","13","WR","339","8","15","5","109","1"
"","163251","","400938","","Parker Kingston","BYU","11","WR","389","8","35","12","244","2"
"","163287","","406512","","Darrian Anderson","OREGON","86","WR","2","1","0","0","0","0"
"","163298","","391617","","Kyler Kasper","OREGON","03","WR","65","4","2","1","4","0"
"","163319","","386397","","Louis Brown IV","BAYLOR","04","WR","73","4","6","3","30","1"
"","163334","","386439","","Justus Ross-Simmons","SYRACUSE","12","WR","286","9","22","7","146","6"
"","163408","","398990","","Jalen Moss","ARIZONA ST","18","WR","161","5","7","2","58","0"
"","163595","","386939","","Emmanuel Henderson Jr.","KANSAS","01","WR","427","9","36","12","260","4"
"","163602","","399549","","Jay Loper Jr.","ALABAMA","32","WR","4","1","0","0","0","0"
"","163609","","385839","","Kobe Prentice","BAYLOR","16","WR","220","8","21","6","136","0"
"","163642","","396676","","Isaiah Sategna III","OKLAHOMA","05","WR","495","9","49","18","371","4"
"","163666","","393640","","Larry Simmons","UTAH","12","WR","258","9","7","4","2","2"
"","163697","","387293","","Zavion Thomas","LSU","00","WR","290","8","19","7","148","1"
"","163715","","375383","","Richie Hoskins","VANDERBILT","05","WR","241","9","22","5","106","2"
"","163734","","386664","","Dillon Bell","GEORGIA","86","WR","281","8","17","5","76","3"
"","163776","","386119","","Squirrel White","FLORIDA ST","04","WR","155","6","5","1","11","0"
"","163779","","386785","","Barion Brown","LSU","06","WR","314","8","37","9","174","8"
"","163821","","421223","","Isaac Koch","KANSAS ST","84","WR","91","5","2","0","1","0"
"","163828","","446305","","Parker Clark","TCU","85","WR","9","1","0","0","0","0"
"","163865","","387223","","Brenen Thompson","MISS STATE","00","WR","486","9","42","15","146","3"
"","163966","","397831","","Jordan McCants","W VIRGINIA","88","WR","6","1","0","0","0","0"
"","164168","","386143","","Omari Evans","WASHINGTON","05","WR","99","6","5","3","44","0"
"","165058","","364941","","Chris Domercant","UCF","13","WR","143","8","16","5","89","2"
"","166543","","387658","","Censere Lee","PITTSBURGH","11","WR","46","2","2","2","0","1"
"","166993","","424577","","Chris Hunter","ARIZONA","11","WR","286","8","18","7","43","2"
"","168441","","394145","","Kole Wilson","BAYLOR","02","WR","428","9","32","10","210","3"
"","168551","","392011","","Antonio Meeks","LOUISVILLE","15","WR","154","8","9","3","35","1"
"","169698","","406409","","Malik Benson","OREGON","04","WR","206","8","18","7","52","1"
"","170003","","407355","","Tyler Brown","CLEMSON","06","WR","256","8","19","2","101","2"
"","170012","","412137","","Noble Johnson","ARIZONA ST","05","WR","11","1","0","0","0","0"
"","170041","","426797","","Que'Sean Brown","DUKE","07","WR","359","8","39","17","199","5"
"","170078","","406303","","Eric Singleton Jr.","AUBURN","01","WR","414","9","40","6","221","3"
"","170079","","419489","","Zion Taylor","GA TECH","09","WR","122","9","9","3","31","0"
"","170105","","418193","","Christian Hamilton","W VIRGINIA","17","WR","18","2","0","0","0","0"
"","170151","","431642","","Dayton Howard","IOWA","07","WR","127","6","5","1","7","3"
"","170198","","407209","","Ryan Manning","MARYLAND","11","WR","54","4","3","0","9","0"
"","170211","","428813","","Sean Williams","MARYLAND","21","WR","14","3","0","0","0","0"
"","170221","","406429","","Malachi Coleman","MINNESOTA","16","WR","121","5","3","1","12","0"
"","170233","","406511","","Jaylen Lloyd","OKLA STATE","19","WR","1","1","0","0","0","0"
"","170255","","415565","","Brandon Inniss","OHIO STATE","01","WR","212","8","18","1","119","2"
"","170265","","425457","","Bryson Rodgers","OHIO STATE","13","WR","19","3","2","1","5","0"
"","170266","","415577","","Noah Rogers","NC STATE","05","WR","362","9","26","10","109","7"
"","170273","","408114","","Carnell Tate","OHIO STATE","17","WR","360","8","39","15","182","12"
"","170308","","419414","","Dylan Braithwaite","RUTGERS","07","WR","20","1","0","0","0","0"
"","170319","","406865","","Ian Strong","RUTGERS","09","WR","453","7","43","14","151","15"
"","170339","","407479","","Destyn Hill","LSU","02","WR","5","3","0","0","0","0"
"","170341","","412577","","Vandrevius Jacobs","S CAROLINA","04","WR","376","9","21","7","88","3"
"","170360","","407497","","Hykeem Williams","COLORADO","05","WR","150","6","9","0","57","1"
"","170362","","406247","","KC Concepcion","TEXAS A&M","07","WR","400","8","37","18","225","5"
"","170367","","450153","","Foster Burt","NC STATE","39","WR","1","1","0","0","0","0"
"","170410","","364277","","Jarod Bowie","W VIRGINIA","07","WR","102","7","4","2","27","0"
"","170441","","426463","","Cam Vaughn","W VIRGINIA","04","WR","510","9","28","12","162","7"
"","171081","","420380","","Jordan Faison","NOTRE DAME","06","WR","427","8","39","13","242","1"
"","171083","","406071","","Rico Flores Jr.","UCLA","01","WR","284","5","17","4","35","2"
"","171085","","406073","","Jaden Greathouse","NOTRE DAME","01","WR","112","4","4","2","13","1"
"","171099","","431677","","KK Smith","NOTRE DAME","11","WR","67","6","5","2","13","1"
"","171223","","406792","","Evan Boyd","MICH STATE","08","WR","90","8","3","2","10","0"
"","171539","","423745","","Cyrus Traugh","W VIRGINIA","86","WR","18","2","0","0","0","0"
"","171853","","428866","","Devin Hyatt","ARIZONA","13","WR","34","2","1","0","5","0"
"","171894","","406852","","Isaiah Hardge","COLORADO","17","WR","68","5","5","0","34","1"
"","171898","","406887","","Kaleb Mathis","COLORADO","13","WR","23","4","0","0","0","0"
"","171901","","412017","","Omarion Miller","COLORADO","04","WR","351","8","29","12","224","4"
"","171903","","424573","","Jordan Onovughe","STANFORD","04","WR","60","4","2","0","4","0"
"","171943","","418241","","Rashid Williams","WASHINGTON","03","WR","46","2","5","1","36","0"
"","172250","","407339","","Yamir Knight","SMU","08","WR","292","9","31","7","199","1"
"","172374","","429315","","MJ Chirgwin","ALABAMA","23","WR","7","1","1","1","1","0"
"","172377","","406420","","Jalen Hale","ALABAMA","08","WR","28","3","0","0","0","0"
"","172378","","406423","","Jaren Hamilton","ARIZONA ST","16","WR","126","9","6","3","14","3"
"","172408","","426442","","Daz James","CAL","08","WR","1","1","0","0","0","0"
"","172419","","450648","","Jace Petty","ARKANSAS","85","WR","1","1","0","0","0","0"
"","172471","","420353","","Jalen Brown","ARKANSAS","17","WR","241","5","12","5","66","1"
"","172489","","407539","","Kyle Parker","LSU","12","WR","230","8","18","3","95","2"
"","172521","","407493","","Cayden Lee","OLE MISS","19","WR","360","9","21","7","157","3"
"","172531","","407552","","Ayden Williams","MISS STATE","11","WR","315","9","15","4","75","4"
"","172560","","407853","","Creed Whittemore","UTAH","80","WR","28","3","3","0","9","0"
"","172593","","426534","","Johnny Ryder","TEXAS A&M","20","WR","4","2","0","0","0","0"
"","172616","","406025","","London Humphreys","GEORGIA","16","WR","287","8","15","6","60","1"
"","172627","","406028","","Junior Sherrill","VANDERBILT","00","WR","411","9","33","14","132","3"
"","172737","","419707","","Jer'Michael Carter","OKLAHOMA","84","WR","104","9","3","0","15","0"
"","172908","","406151","","Isaiah Spencer","VA TECH","11","WR","256","9","11","4","39","2"
"","173031","","407648","","Barry Jackson Jr.","CINCINNATI","14","WR","39","5","0","0","0","0"
"","173077","","406648","","Keaton Kubecka","KANSAS","03","WR","226","9","14","3","50","2"
"","173081","","0","","Isreal Moses V","KANSAS","82","WR","3","1","0","0","0","0"
"","173093","","407390","","Jayce Brown","KANSAS ST","01","WR","370","9","38","17","168","5"
"","173119","","407437","","Tre Spivey","ARIZONA","12","WR","270","8","11","6","189","4"
"","173127","","412492","","Jordyn Bailey","TCU","04","WR","19","1","1","0","8","0"
"","173164","","406901","","DeAndre Moore Jr.","TEXAS","00","WR","297","8","29","8","141","2"
"","173172","","406748","","Hudson Clement","ILLINOIS","13","WR","361","9","26","8","91","1"
"","173178","","412652","","Rodney Gallagher III","W VIRGINIA","24","WR","388","9","26","4","109","1"
"","173347","","407093","","Kam Shanks","ARKANSAS","15","WR","119","9","9","2","56","1"
"","173349","","407096","","Amare Thomas","HOUSTON","00","WR","520","9","40","16","295","8"
"","173391","","412413","","Jackson Wasserstrom","INDIANA","17","WR","29","5","2","1","5","0"
"","173405","","431758","","Donielle Hayes","MINNESOTA","18","WR","5","2","0","0","0","0"
"","173408","","427735","","Kenric Lanier II","MINNESOTA","15","WR","138","8","4","2","31","0"
"","173411","","431760","","Terrence McWilliams Jr.","LOUISVILLE","82","WR","36","2","0","0","0","0"
"","173451","","406391","","Prince Strachan","USC","17","WR","7","1","1","1","23","0"
"","173459","","418301","","Caleb Goodie","CINCINNATI","10","WR","399","9","23","10","142","1"
"","173530","","407356","","Anthony Evans III","MISS STATE","03","WR","561","9","52","16","323","5"
"","173653","","431863","","Kelby Valsin","TEXAS TECH","06","WR","45","6","3","1","29","0"
"","173655","","433991","","T.J. West","TEXAS TECH","04","WR","43","5","3","0","23","0"
"","173986","","415660","","Carter Shaw","UCLA","14","WR","5","2","0","0","0","0"
"","174042","","406293","","Fredrick Moore","MICHIGAN","03","WR","18","3","0","0","0","0"
"","174043","","406299","","Semaj Morgan","MICHIGAN","00","WR","272","9","19","5","175","0"
"","174054","","406796","","Frank Covey IV","NWESTERN","03","WR","155","7","2","0","3","0"
"","174068","","406686","","Jacob De Jesus","CAL","21","WR","476","9","57","13","287","4"
"","174142","","406084","","Zachariah Branch","GEORGIA","01","WR","300","8","47","10","405","5"
"","174143","","406674","","DT Sheffield","RUTGERS","00","WR","569","9","39","9","139","9"
"","174150","","406009","","Makai Lemon","USC","06","WR","462","8","52","23","425","5"
"","174167","","406656","","Carlos Hernandez","WAKE","08","WR","228","8","16","4","82","1"
"","174168","","406493","","Mikey Matthews","UCLA","07","WR","258","8","18","6","68","0"
"","174177","","406576","","Tiger Bachmeier","BYU","19","WR","172","8","5","1","28","0"
"","174250","","412361","","Andy Jean","ARKANSAS","14","WR","26","6","1","1","4","0"
"","174257","","412362","","Aidan Mizell","FLORIDA","11","WR","73","4","11","2","45","2"
"","174267","","431510","","Jackson Wade","FLORIDA","83","WR","17","1","1","0","4","0"
"","174692","","449827","","Jonathan Vande Walle","IOWA STATE","80","WR","13","2","0","0","0","0"
"","174705","","411210","","Cataurus Hicks","PITTSBURGH","03","WR","404","9","21","8","136","2"
"","174707","","411217","","Jaedon King","LOUISVILLE","47","WR","12","2","1","0","1","0"
"","174732","","424567","","Nathan Leacock","N CAROLINA","82","WR","126","7","5","1","32","0"
"","174737","","424569","","Nathan Roberts","TENNESSEE","36","WR","7","2","0","0","0","0"
"","174740","","406992","","Cameron Seldon","VA TECH","09","WR","188","8","21","2","75","3"
"","174747","","424571","","Trey Weary","TENNESSEE","83","WR","35","3","1","0","0","0"
"","174749","","0","","Carson Whitehead","TENNESSEE","26","WR","1","1","0","0","0","0"
"","174784","","407677","","Ayden Greene","VA TECH","00","WR","524","9","25","11","120","3"
"","174787","","415585","","Takye Heath","VA TECH","02","WR","239","6","20","5","79","1"
"","174828","","429610","","Justin Stevenson","UTAH","82","WR","31","5","0","0","0","0"
"","174948","","426530","","Arhmad Branch","PURDUE","06","WR","167","8","15","7","106","1"
"","174972","","420038","","Jaron Tibbs","KANSAS ST","12","WR","457","9","37","11","93","7"
"","175038","","412223","","Jojo Phillips","BYU","13","WR","60","2","3","1","12","0"
"","175085","","408314","","Mark Hamper","CAL","15","WR","215","8","14","5","50","4"
"","175173","","436602","","Spencer Leadbetter","KENTUCKY","37","WR","2","1","0","0","0","0"
"","175339","","424641","","Reed Harris","BOSTON COL","04","WR","563","9","26","12","74","10"
"","175343","","422357","","Jaedn Skeete","BOSTON COL","01","WR","235","4","13","3","50","0"
"","175360","","434073","","Chris Elko","GA TECH","89","WR","2","2","0","0","0","0"
"","175368","","412335","","Bailey Stockton","GA TECH","07","WR","173","8","16","4","92","1"
"","175379","","406487","","Ray Joseph","MIAMI FL","05","WR","42","3","2","1","27","0"
"","175393","","412548","","Chris Culliver","N CAROLINA","03","WR","126","6","5","4","6","0"
"","175406","","428539","","Jesse Anderson","PITTSBURGH","16","WR","6","1","0","0","0","0"
"","175413","","406928","","Zion Fowler-El","PITTSBURGH","23","WR","118","7","7","1","16","1"
"","175419","","406932","","Kenny Johnson","PITTSBURGH","02","WR","464","9","37","17","243","3"
"","175430","","426432","","TyLyric Coleman","VIRGINIA","17","WR","44","3","2","1","6","0"
"","175436","","407044","","Suderian Harrison","VIRGINIA","01","WR","17","4","2","1","70","0"
"","175464","","412520","","Aziah Johnson","N CAROLINA","81","WR","5","1","1","0","8","0"
"","175527","","425379","","Trech Kekahuna","WISCONSIN","02","WR","210","8","16","3","137","1"
"","175674","","406106","","Trent Hudson","VANDERBILT","01","WR","61","6","1","0","3","0"
"","175797","","407861","","Duane Thomas Jr.","UCF","07","WR","314","8","39","8","255","1"
"","175886","","406437","","Eugene Wilson III","FLORIDA","03","WR","313","8","27","5","132","1"
"","175899","","406309","","Daniel Blood","MISSOURI","10","WR","64","8","4","1","21","0"
"","175906","","412701","","Marquis Johnson","MISSOURI","02","WR","449","8","30","7","116","3"
"","175923","","407596","","Nyck Harbor","S CAROLINA","08","WR","387","9","21","10","80","2"
"","175926","","412634","","Tyshawn Russell","SYRACUSE","08","WR","70","3","9","2","41","0"
"","175952","","408032","","Malik Elzy","ILLINOIS","08","WR","66","4","7","2","23","0"
"","175953","","428266","","Alexander Capka-Jones","ILLINOIS","07","WR","54","9","2","1","11","0"
"","175954","","429456","","Collin Dixon","ILLINOIS","17","WR","408","9","27","12","179","4"
"","176006","","434029","","Jayden Hollar","NC STATE","88","WR","5","1","0","0","0","0"
"","176036","","407219","","Darrell Gill Jr.","SYRACUSE","15","WR","522","9","28","13","98","3"
"","176037","","407204","","Bryce Cohoon","KANSAS","13","WR","33","3","0","0","0","0"
"","176077","","425488","","Deuce Alexander","OLE MISS","11","WR","389","9","27","13","149","9"
"","176078","","424493","","Micah Mays Jr.","WAKE","07","WR","393","8","17","9","93","2"
"","176172","","434152","","Rett Andersen","TEXAS","35","WR","8","2","1","0","0","0"
"","176181","","423530","","Ryan Niblett","TEXAS","21","WR","61","8","8","1","97","0"
"","176337","","407491","","Harvey Broussard III","HOUSTON","03","WR","262","9","8","3","13","2"
"","176505","","423258","","Ricky Ahumaraeze","NWESTERN","10","WR","209","8","5","4","37","1"
"","176528","","429585","","Derek Eusebio","ARIZONA ST","83","WR","250","8","9","3","39","0"
"","176556","","429982","","Nyziah Hunter","NEBRASKA","13","WR","456","9","38","11","298","2"
"","176575","","453466","","Gavin Marsh","COLORADO","47","WR","2","1","0","0","0","0"
"","176620","","448820","","Tyler Kuo","STANFORD","82","WR","10","5","0","0","0","0"
"","176621","","443113","","Myles Libman","STANFORD","18","WR","176","9","6","2","21","0"
"","176638","","406034","","Ja'Kobi Lane","USC","08","WR","338","7","27","8","198","4"
"","176642","","406004","","Duce Robinson","FLORIDA ST","00","WR","449","8","35","16","200","12"
"","177231","","408150","","Griffin Wilde","NWESTERN","17","WR","383","8","39","15","110","7"
"","178610","","408144","","Noah Jennings","CINCINNATI","08","WR","293","9","19","6","109","0"
"","182676","","411212","","Kris Hughes","LOUISVILLE","14","WR","47","6","6","2","23","0"
"","183012","","424566","","Jack-Henry Jakobik","TENNESSEE","29","WR","2","1","0","0","0","0"
"","183193","","431621","","Chase Byrd","CLEMSON","29","WR","11","3","0","0","0","0"
"","183206","","428374","","Bryant Wesco Jr.","CLEMSON","12","WR","334","7","33","15","203","4"
"","183213","","434069","","Isiah Canion","GA TECH","04","WR","407","9","23","8","104","3"
"","183228","","431839","","Ny Carr","MIAMI FL","12","WR","9","1","1","0","0","0"
"","183245","","431871","","Joshisa Trader","MIAMI FL","01","WR","95","4","5","2","12","1"
"","183262","","434164","","Josiah Martin","OKLAHOMA","17","WR","15","2","0","0","0","0"
"","183265","","429997","","Isaac Torres","CAL","26","WR","11","2","1","0","5","0"
"","183278","","439237","","Emmett Mosley V","TEXAS","03","WR","206","5","15","7","49","1"
"","183285","","429458","","Kameron Courtney","VIRGINIA","05","WR","167","9","13","2","57","0"
"","183293","","455867","","Triston Ward","VIRGINIA","23","WR","7","1","0","0","0","0"
"","183298","","453271","","Camdon Frier","FLORIDA ST","88","WR","32","3","0","0","0","0"
"","183299","","441750","","BJ Gibson","FLORIDA ST","10","WR","17","2","0","0","0","0"
"","183307","","434127","","Lawayne McCoy","FLORIDA ST","07","WR","283","6","14","6","54","1"
"","183330","","431781","","Javarius Green","N CAROLINA","09","WR","137","5","9","4","48","2"
"","183338","","431791","","Jordan Shipp","N CAROLINA","01","WR","404","8","36","9","102","4"
"","183341","","431793","","Alex Taylor","N CAROLINA","00","WR","65","4","2","0","2","0"
"","183348","","429070","","Terrell Anderson","NC STATE","09","WR","328","9","28","14","219","1"
"","183354","","446331","","Tank Boston","NC STATE","16","WR","17","1","2","0","3","0"
"","183357","","447427","","Addison Carlson","NC STATE","37","WR","3","1","0","0","0","0"
"","183362","","429103","","Keenan Jackson","NC STATE","08","WR","443","9","21","3","61","3"
"","183370","","446444","","Christian Zachary","NC STATE","83","WR","4","1","0","0","0","0"
"","183392","","429214","","Jeremiah Melvin","WAKE","13","WR","70","8","3","1","1","0"
"","183396","","465169","","EJ Reid","WAKE","18","WR","1","1","0","0","0","0"
"","183512","","449125","","Mario Sanders II","ILLINOIS","01","WR","5","2","1","0","0","0"
"","183541","","428500","","Nick Marsh","MICH STATE","06","WR","506","9","45","14","232","3"
"","183547","","429444","","Jacory Barney Jr.","NEBRASKA","02","WR","372","9","34","8","187","1"
"","183548","","429445","","Rowdy Bauer","NEBRASKA","36","WR","4","2","0","0","0","0"
"","183552","","429460","","Quinn Clark","NEBRASKA","18","WR","101","9","4","2","55","0"
"","183584","","429513","","Connor Schutt","NEBRASKA","46","WR","2","2","0","0","0","0"
"","183586","","429519","","Keelan Smith","NEBRASKA","85","WR","24","5","2","1","7","0"
"","183622","","449502","","DJ Jordan","USC","19","WR","39","4","5","0","30","0"
"","183626","","379754","","Jaden Richardson","USC","15","WR","151","8","7","1","15","2"
"","183637","","429714","","Audric Harris","WASHINGTON","13","WR","42","3","2","0","7","1"
"","183645","","0","","Jason Robinson Jr.","N CAROLINA","05","WR","2","1","0","0","0","0"
"","183647","","449368","","Justice Williams","WASHINGTON","16","WR","13","1","2","0","11","0"
"","183651","","441710","","Kyan Berry-Johnson","WISCONSIN","22","WR","1","1","0","0","0","0"
"","183690","","456028","","Kaleb Schlecht","MICHIGAN","89","WR","3","1","0","0","0","0"
"","183694","","431421","","Hayden Eligon II","NWESTERN","80","WR","304","7","17","5","57","6"
"","183710","","428704","","Jeremiah Smith","OHIO STATE","04","WR","393","8","55","12","266","2"
"","183727","","429059","","Jesse Watson","PURDUE","10","WR","171","9","6","2","1","2"
"","183731","","431947","","Brandon Phelps","ARIZONA","18","WR","89","5","6","1","11","1"
"","183751","","456349","","Zechariah Sample","ARIZONA ST","87","WR","13","1","0","0","0","0"
"","183778","","429934","","Dominique McKenzie","BYU","89","WR","19","1","0","0","0","0"
"","183787","","448911","","Dakarai Anderson","CINCINNATI","19","WR","7","3","0","0","0","0"
"","183821","","432064","","Dozie Ezukanma","TCU","82","WR","72","4","2","1","13","0"
"","183844","","453993","","Jordyn Bridgewater","UCF","82","WR","21","3","0","0","0","0"
"","183851","","450366","","Bredell Richardson","UCF","08","WR","7","2","0","0","0","0"
"","183904","","447571","","Jacques Spradley-Demps","KANSAS ST","09","WR","9","2","0","0","0","0"
"","184095","","428763","","Micah Gilbert","NOTRE DAME","14","WR","71","6","4","1","22","0"
"","184107","","446891","","Cam Williams","NOTRE DAME","05","WR","28","4","0","0","0","0"
"","184382","","428624","","CJ Brown","ARKANSAS","03","WR","427","9","23","8","104","4"
"","184396","","430349","","Bryce Cain","AUBURN","06","WR","31","4","1","0","1","0"
"","184398","","430370","","Cam Coleman","AUBURN","08","WR","505","9","37","9","80","7"
"","184403","","430426","","Cam'Ron King","AUBURN","85","WR","7","1","1","0","2","0"
"","184416","","431500","","TJ Abrams","FLORIDA","04","WR","66","6","6","4","24","1"
"","184424","","431504","","Tank Hawkins","FLORIDA","10","WR","37","4","2","0","4","0"
"","184440","","458864","","Kylan Billiot","LSU","82","WR","7","1","0","0","0","0"
"","184469","","432022","","Jelani Watkins","LSU","17","WR","12","4","2","1","27","0"
"","184488","","429656","","Mazeo Bennett Jr.","S CAROLINA","03","WR","125","9","7","0","36","0"
"","184491","","453323","","Debron Gatling","GA TECH","06","WR","5","3","0","0","0","0"
"","184504","","446314","","Aaron Butler","TEXAS","14","WR","40","3","1","1","6","0"
"","184512","","429091","","Parker Livingstone","TEXAS","13","WR","383","9","22","10","127","4"
"","184520","","429101","","Ryan Wingo","TEXAS","01","WR","468","9","31","13","314","2"
"","184540","","429357","","Jaylen Mbakwe","ALABAMA","03","WR","12","3","2","1","26","0"
"","184580","","431692","","Nitro Tuggle","PURDUE","00","WR","496","9","24","9","77","7"
"","184583","","431694","","Sacovie White-Helton","GEORGIA","18","WR","53","7","5","1","39","0"
"","184591","","428298","","Ivan Carreon","OKLAHOMA","82","WR","69","6","2","1","15","0"
"","184597","","428347","","Jacob Jordan","OKLAHOMA","88","WR","21","3","1","1","9","0"
"","184598","","428350","","Zion Kearney","OKLAHOMA","07","WR","27","5","2","2","15","0"
"","184631","","449131","","Rico Crowder","KENTUCKY","33","WR","2","1","0","0","0","0"
"","184632","","443107","","Hardley Gilmore IV","KENTUCKY","17","WR","295","8","17","5","49","4"
"","184652","","428389","","Ben Black","RUTGERS","02","WR","233","9","8","4","37","0"
"","184654","","428417","","KJ Duff","RUTGERS","08","WR","628","9","51","23","159","17"
"","184754","","429274","","Mario Craver","TEXAS A&M","01","WR","310","8","41","18","444","3"
"","184813","","431479","","Izaiah Williams","TEXAS A&M","00","WR","35","4","0","0","0","0"
"","184818","","429377","","Jadon Porter","BAYLOR","83","WR","97","8","4","2","9","0"
"","184822","","0","","Seth Weller","BAYLOR","81","WR","4","1","0","0","0","0"
"","184855","","434121","","Jeremiah McClellan","OREGON","11","WR","207","8","14","6","88","1"
"","184887","","434001","","Mike Matthews","TENNESSEE","04","WR","563","9","38","16","257","2"
"","184893","","434003","","Braylon Staley","TENNESSEE","14","WR","530","9","53","14","343","3"
"","184902","","429873","","Micah Hudson","TEXAS TECH","14","WR","81","5","5","2","26","0"
"","184907","","0","","Price Morgan","TEXAS TECH","13","WR","16","3","1","0","5","0"
"","184911","","431860","","Tyson Turner","TEXAS TECH","11","WR","22","3","1","0","11","0"
"","184979","","429046","","Kwazi Gilmer","UCLA","03","WR","486","8","33","8","43","9"
"","185903","","432353","","Isaiah Johnson","CINCINNATI","00","WR","135","9","9","3","125","0"
"","187514","","399640","","Logan Ramper","W VIRGINIA","18","WR","7","2","1","0","4","0"
"","187890","","418971","","Rodney Bullard Jr.","MICH STATE","03","WR","116","9","5","3","55","1"
"","188181","","449175","","Carson Perry-Smith","CAL","22","WR","1","1","0","0","0","0"
"","188182","","444073","","Trevor Rogers","CAL","19","WR","6","1","0","0","0","0"
"","188191","","448968","","Elijah Jones","CINCINNATI","80","WR","88","6","2","0","3","0"
"","188260","","436658","","Jahmari Powell-Wonson","MARYLAND","81","WR","4","1","2","0","10","0"
"","188297","","429018","","Rayshawn Glover","UTAH","17","WR","1","1","0","0","0","0"
"","188305","","429042","","Zacharyus Williams","USC","00","WR","40","2","3","2","42","0"
"","188504","","448212","","Boski Barrett","VANDERBILT","18","WR","26","4","1","1","0","0"
"","188507","","428765","","Tristen Brown","VANDERBILT","03","WR","121","9","5","3","29","0"
"","188520","","436695","","Joseph McVay","VANDERBILT","15","WR","28","5","1","0","0","0"
"","188661","","431551","","Charlie Becker","INDIANA","80","WR","159","9","8","5","80","2"
"","188689","","447570","","Bryce Noernberg","KANSAS ST","21","WR","1","1","0","0","0","0"
"","188714","","448973","","Jalen Smith","MINNESOTA","08","WR","224","9","15","4","152","1"
"","188733","","429190","","Ayo Shotomide-King","OKLA STATE","09","WR","55","6","0","0","0","0"
"","188780","","428425","","Zion Ragins","OKLAHOMA","13","WR","9","1","0","0","0","0"
"","188856","","431562","","Marcus Brown","STANFORD","25","WR","81","7","6","1","21","1"
"","188864","","449240","","Chase Farrell","NWESTERN","20","WR","41","4","3","0","24","0"
"","188878","","0","","Owen van Loben Sels","STANFORD","32","WR","2","1","0","0","0","0"
"","188888","","434000","","Malcolm Kinzer","TENNESSEE","39","WR","1","1","0","0","0","0"
"","189364","","431626","","Parker Fulghum","CLEMSON","13","WR","10","2","0","0","0","0"
"","189369","","428349","","T.J. Moore","CLEMSON","01","WR","394","8","28","9","244","4"
"","189371","","431632","","Clark Sanderson","CLEMSON","20","WR","8","1","1","1","0","1"
"","189385","","463606","","Paxon Kettering","DUKE","88","WR","7","1","0","0","0","0"
"","189388","","449441","","Jayden Moore","DUKE","08","WR","62","8","5","1","40","0"
"","189398","","436445","","Chase Tyler","DUKE","11","WR","60","7","4","2","63","2"
"","189448","","431867","","Chance Robinson","MIAMI FL","18","WR","12","1","0","0","0","0"
"","189624","","441723","","Jordan McCord III","ARIZONA","89","WR","9","1","0","0","0","0"
"","189627","","428893","","Jeremiah Patterson","ARIZONA","02","WR","4","1","0","0","0","0"
"","189644","","429920","","Cody Hagen","BYU","05","WR","335","8","10","1","62","0"
"","189650","","429936","","Tei Nacua","BYU","00","WR","7","3","0","0","0","0"
"","189691","","448218","","KJ Parker","IOWA","01","WR","112","8","4","0","7","1"
"","189694","","429655","","Reece Vander Zee","IOWA","15","WR","82","3","5","1","5","2"
"","189703","","429499","","Hayes Miller","NEBRASKA","81","WR","2","2","0","0","0","0"
"","189705","","453618","","DJ Singleton","NEBRASKA","84","WR","5","2","1","0","0","0"
"","189878","","433946","","Matt Jeffery","NOTRE DAME","33","WR","16","4","1","1","9","0"
"","189887","","446264","","Logan Saldate","NOTRE DAME","19","WR","6","1","1","0","0","0"
"","190068","","429679","","Kyle Miller","UCLA","23","WR","17","4","2","0","13","0"
"","190169","","428806","","Monte Harrison","ARKANSAS","11","WR","45","2","1","1","11","0"
"","190171","","428848","","Krosse Johnson","ARKANSAS","18","WR","15","4","1","0","2","0"
"","190213","","428284","","Courtney Crutchfield","ARKANSAS","02","WR","32","3","0","0","0","0"
"","190222","","428395","","James Madison II","MISSOURI","04","WR","19","3","0","0","0","0"
"","190339","","454001","","Carson Hinshaw","UCF","85","WR","3","1","0","0","0","0"
"","190345","","439372","","Caleb Rollerson","UCF","89","WR","44","4","2","2","30","0"
"","190363","","429307","","Chris Barnes","WAKE","10","WR","257","8","35","13","317","1"
"","190486","","456070","","Trent Osborn","RUTGERS","25","WR","3","1","0","0","0","0"
"","190564","","441748","","Micahi Danzy","FLORIDA ST","19","WR","307","8","23","10","171","3"
"","190573","","444013","","Elijah Moore","FLORIDA ST","81","WR","39","3","3","3","6","0"
"","190577","","447565","","Willy Suarez","FLORIDA ST","85","WR","40","3","0","0","0","0"
"","190745","","428814","","Corey Smith","PURDUE","12","WR","252","9","14","3","55","1"
"","190753","","428835","","Joseph Williams","COLORADO","08","WR","377","8","27","7","119","1"
"","190779","","453411","","Tagert Bardin","COLORADO","32","WR","1","1","0","0","0","0"
"","190782","","453414","","Ronald Coleman","COLORADO","45","WR","2","1","0","0","0","0"
"","190790","","428317","","Dre'lon Miller","COLORADO","06","WR","282","8","13","4","56","1"
"","190795","","453467","","Carson Westbrook","COLORADO","36","WR","3","1","0","0","0","0"
"","190804","","455993","","Aaron Davis","HOUSTON","38","WR","1","1","0","0","0","0"
"","190818","","431918","","JayShon Ridgle","HOUSTON","16","WR","1","1","0","0","0","0"
"","190823","","429329","","Koby Young","HOUSTON","18","WR","317","9","8","3","36","2"
"","190830","","445011","","Channing Goodwin","MICHIGAN","09","WR","256","9","9","3","66","1"
"","190884","","449244","","Carson Grove","NWESTERN","87","WR","52","5","1","0","0","0"
"","190897","","434077","","Drew Wagner","NWESTERN","19","WR","199","7","16","4","72","3"
"","190922","","429050","","Shamar Rigby","OKLA STATE","07","WR","344","9","16","6","67","3"
"","191132","","453383","","Amari Jefferson","TENNESSEE","81","WR","4","2","0","0","0","0"
"","191140","","429423","","Rico Scott","ALABAMA","11","WR","199","8","10","1","45","2"
"","191142","","429425","","Ryan Williams","ALABAMA","02","WR","298","7","33","11","215","3"
"","191144","","431682","","Jeremy Bell","GEORGIA","81","WR","2","1","0","0","0","0"
"","191164","","449855","","Donald Collier","KANSAS","86","WR","3","1","0","0","0","0"
"","191200","","429293","","Ricky Johnson","MISS STATE","09","WR","88","9","3","0","14","0"
"","191205","","429301","","Sanfrisco Magee","MISS STATE","13","WR","29","2","1","0","8","0"
"","191246","","431443","","Ashton Bethel-Roman","TEXAS A&M","03","WR","354","8","10","8","66","3"
"","191251","","428819","","Terry Bussey","TEXAS A&M","02","WR","259","8","11","3","68","0"
"","191278","","430439","","Malcolm Simmons","AUBURN","04","WR","234","9","15","3","79","1"
"","191279","","430441","","Perry Thompson","AUBURN","03","WR","314","9","12","1","35","1"
"","191283","","447809","","Jackson Baird","BAYLOR","80","WR","3","1","0","0","0","0"
"","191287","","449070","","Mason Dossett","BAYLOR","31","WR","2","1","1","0","0","0"
"","191299","","431644","","Brett Eskildsen","IOWA STATE","09","WR","342","9","23","9","115","4"
"","191310","","436426","","Dominic Overby","IOWA STATE","11","WR","139","9","8","3","11","2"
"","191311","","448792","","Carson Robbins","IOWA STATE","23","WR","7","2","0","0","0","0"
"","191319","","449182","","Brady Bidwell","OREGON","89","WR","13","3","0","0","0","0"
"","191327","","455848","","Jalen Saint Paul","UCLA","86","WR","7","2","0","0","0","0"
"","191333","","436403","","Tyseer Denmark","PENN STATE","04","WR","24","5","2","0","11","1"
"","191334","","453364","","Aaron Enterline","PENN STATE","86","WR","7","2","0","0","0","0"
"","192874","","428247","","Tristan Smith","CLEMSON","03","WR","159","8","17","6","66","6"
"","193180","","431870","","Mylan Graham","OHIO STATE","05","WR","91","7","2","1","19","0"
"","193240","","433998","","Braylon Harmon","TENNESSEE","42","WR","5","2","1","1","3","1"
"","193295","","410066","","Javonnie Gibson","OKLAHOMA","11","WR","212","5","11","1","15","3"
"","193426","","429270","","Emanuel Ross","SYRACUSE","18","WR","168","6","10","2","39","3"
"","194627","","419230","","Reginald Vick Jr.","WAKE","11","WR","10","2","0","0","0","0"
"","196883","","409820","","Caden High","STANFORD","00","WR","293","9","23","8","110","0"
"","197643","","439365","","Jaylan Hornsby","SYRACUSE","03","WR","194","9","8","3","24","0"
"","198079","","448982","","Derek Meadows","ALABAMA","30","WR","23","5","0","0","0","0"
"","198090","","448928","","Lotzeir Brooks","ALABAMA","17","WR","177","7","16","9","96","4"
"","198107","","449337","","Isaiah Mizell","ARIZONA","17","WR","148","7","4","1","8","2"
"","198110","","449358","","Gio Richardson","ARIZONA","05","WR","101","7","11","2","87","1"
"","198147","","453486","","Sam Turner","AUBURN","18","WR","27","3","0","0","0","0"
"","198273","","448972","","Giyahni Kontosis","CINCINNATI","17","WR","9","1","0","0","0","0"
"","198298","","448963","","Quentin Gibson","COLORADO","15","WR","141","8","13","0","63","1"
"","198299","","453415","","Quanell Farrakhan Jr.","COLORADO","14","WR","112","7","1","1","9","0"
"","198338","","461013","","Jamien Little","DUKE","06","WR","3","1","0","0","0","0"
"","198430","","453272","","Tae'Shaun Gelsey","FLORIDA ST","83","WR","47","3","0","0","0","0"
"","198437","","449035","","Jayvan Boggs","FLORIDA ST","15","WR","115","5","5","0","0","0"
"","198440","","453279","","Chase Loftin","FLORIDA ST","23","WR","15","2","1","0","1","0"
"","198445","","453280","","Teriq Mallory","FLORIDA ST","82","WR","49","4","1","0","15","0"
"","198465","","449037","","CJ Wiley","GEORGIA","06","WR","20","3","0","0","0","0"
"","198467","","449043","","Tyler J. Williams","GEORGIA","13","WR","7","1","1","0","10","0"
"","198477","","449030","","Talyn Taylor","GEORGIA","11","WR","24","3","2","1","24","0"
"","198479","","449022","","Landon Roldan","GEORGIA","84","WR","11","3","0","0","0","0"
"","198523","","449139","","Brayden Trimble","ILLINOIS","11","WR","7","1","0","0","0","0"
"","198526","","467600","","Davion Chandler","INDIANA","04","WR","21","2","0","0","0","0"
"","198538","","449194","","Lebron Bond","INDIANA","06","WR","70","7","4","0","18","0"
"","198588","","449859","","Jackson Cook","KANSAS","89","WR","3","1","0","0","0","0"
"","198589","","449912","","Bryson Hayes","KANSAS","12","WR","12","1","0","0","0","0"
"","198590","","448788","","Tate Nagy","KANSAS","85","WR","15","3","2","0","5","0"
"","198593","","449697","","Jemyri Davis","KANSAS ST","14","WR","22","4","2","0","-2","0"
"","198606","","448805","","Adonis Moise","KANSAS ST","17","WR","107","6","5","1","19","0"
"","198732","","449642","","Zymear Smith","MARYLAND","10","WR","24","2","2","0","1","0"
"","198798","","456010","","Jamar Browder","MICHIGAN","06","WR","41","6","0","0","0","0"
"","198804","","449716","","Andrew Marsh","MICHIGAN","04","WR","300","9","26","11","196","2"
"","198812","","468394","","Charles Taplin","MICH STATE","19","WR","1","1","1","0","10","0"
"","198864","","451195","","Gracen Harris","MISS STATE","14","WR","18","2","1","0","8","0"
"","198878","","449232","","Donovan Olugbode","MISSOURI","01","WR","200","8","17","3","101","3"
"","198888","","449172","","DaMarion Fowlkes","MISSOURI","11","WR","24","2","0","0","0","0"
"","198889","","455906","","Shaun Terry II","MISSOURI","08","WR","18","3","1","0","13","0"
"","198963","","414892","","Ethan Dowdy","NC STATE","80","WR","29","2","3","0","8","0"
"","198966","","450109","","Teddy Hoffmann","NC STATE","12","WR","205","9","20","8","72","4"
"","199035","","456014","","Manny Choice","OKLAHOMA","21","WR","5","2","0","0","0","0"
"","199044","","450122","","Elijah Thomas","OKLAHOMA","14","WR","37","4","1","0","9","0"
"","199055","","453256","","Royal Capell","OKLA STATE","11","WR","161","8","9","0","29","3"
"","199079","","449572","","Cam Sapp","PITTSBURGH","84","WR","13","2","1","0","12","0"
"","199084","","449565","","Tony Kinsler","PITTSBURGH","17","WR","32","4","1","0","8","0"
"","199090","","449586","","Bryce Yates","PITTSBURGH","80","WR","80","6","9","4","124","0"
"","199113","","456041","","Vernon Allen III","RUTGERS","13","WR","8","1","1","1","2","0"
"","199120","","456047","","Sah'nye Degraffenreidt","RUTGERS","14","WR","23","2","0","0","0","0"
"","199121","","466481","","Jourdin Houston","RUTGERS","04","WR","18","2","0","0","0","0"
"","199131","","456075","","Michael Thomas III","RUTGERS","80","WR","13","2","1","1","0","1"
"","199156","","450200","","Link Rhodes","SMU","04","WR","78","8","3","0","22","0"
"","199165","","450208","","Isaiah Robertson","SMU","45","WR","15","2","0","0","0","0"
"","199175","","450160","","Carterrious Brown","SMU","11","WR","51","3","3","0","8","0"
"","199179","","450166","","Jalen Cooper","SMU","10","WR","217","9","16","4","79","3"
"","199217","","455822","","Nate Edwards","SYRACUSE","87","WR","1","1","0","0","0","0"
"","199224","","467603","","Darius Johnson","SYRACUSE","14","WR","40","2","2","1","0","1"
"","199243","","449879","","Ed Small","TCU","18","WR","134","6","16","4","115","2"
"","199244","","449876","","Terry Shelton","TCU","15","WR","22","2","1","0","0","0"
"","199253","","449792","","Jacobe Hayes","TCU","80","WR","4","2","0","0","0","0"
"","199288","","458964","","Michael Terry III","TEXAS","11","WR","6","1","0","0","0","0"
"","199292","","453698","","Jaime Ffrench Jr.","TEXAS","02","WR","12","2","1","0","0","0"
"","199301","","453702","","Kaliq Lockett","TEXAS","07","WR","32","4","3","1","7","0"
"","199304","","449073","","Daylan McCutcheon","TEXAS","17","WR","108","8","7","3","57","0"
"","199308","","450017","","Michael Dever","TEXAS TECH","84","WR","11","1","1","0","7","0"
"","199310","","450076","","Leyton Stone","TEXAS TECH","17","WR","37","5","2","1","0","2"
"","199382","","454022","","Andrea Parisi","UCF","39","WR","1","1","0","0","0","0"
"","199385","","450363","","Waden Charles","UCF","19","WR","285","8","12","4","23","3"
"","199391","","450365","","Carl Jenkins Jr.","UCF","12","WR","140","8","3","1","3","0"
"","199420","","449578","","Corey Simms","USC","22","WR","11","3","1","0","0","0"
"","199500","","449216","","Jack Foley","WAKE","89","WR","3","1","0","0","0","0"
"","199517","","453703","","Chris Lawson","WASHINGTON","08","WR","47","5","5","1","34","0"
"","199523","","449367","","Raiden Vines-Bright","WASHINGTON","07","WR","311","8","18","3","123","0"
"","199530","","449361","","Dezmen Roebuck","WASHINGTON","81","WR","358","8","25","10","180","1"
"","199574","","449280","","Eugene Hilton Jr.","WISCONSIN","13","WR","90","8","4","1","12","0"
"","199699","","449090","","Jordan Allen","GA TECH","85","WR","84","6","15","5","242","1"
"","199725","","461014","","Jaquise Martin","HOUSTON","80","WR","63","6","3","2","26","1"
"","199751","","458869","","TaRon Francis","LSU","83","WR","3","1","0","0","0","0"
"","199753","","458873","","Phillip Wright III","LSU","15","WR","3","1","1","0","3","0"
"","199790","","450699","","Winston Watkins","OLE MISS","17","WR","184","9","13","5","83","0"
"","199800","","453539","","Jeremiah Jones","NEBRASKA","80","WR","5","2","1","0","0","0"
"","199803","","449152","","Cortez Mills Jr.","NEBRASKA","19","WR","100","8","8","2","27","0"
"","199809","","453522","","Jackson Carpenter","NEBRASKA","88","WR","5","2","0","0","0","0"
"","199836","","458776","","Elijah Burress","NOTRE DAME","17","WR","25","2","0","0","0","0"
"","199850","","453505","","Quincy Porter","OHIO STATE","11","WR","48","3","3","2","30","0"
"","199859","","453485","","Phillip Bell","OHIO STATE","07","WR","18","2","0","0","0","0"
"","199876","","449245","","Cooper Perry","OREGON","17","WR","99","6","7","0","17","0"
"","199882","","449230","","Dakorien Moore","OREGON","01","WR","359","8","29","12","132","5"
"","199913","","449121","","Koby Howard","PENN STATE","03","WR","38","4","2","1","2","0"
"","199945","","449334","","Brian Rowe Jr.","S CAROLINA","18","WR","244","8","15","3","64","0"
"","199954","","449335","","Jayden Sellers","S CAROLINA","17","WR","71","4","9","2","50","0"
"","199955","","453943","","Jordon Gidron","S CAROLINA","07","WR","2","1","0","0","0","0"
"","199957","","453915","","Malik Clark","S CAROLINA","13","WR","29","3","0","0","0","0"
"","199961","","453928","","Lex Cyrus","S CAROLINA","00","WR","6","1","0","0","0","0"
"","199962","","458802","","Deon Hardin","TENNESSEE","88","WR","5","2","0","0","0","0"
"","199974","","451125","","Radarious Jackson","TENNESSEE","05","WR","43","4","5","2","18","1"
"","199984","","0","","Ben Petermann","TENNESSEE","35","WR","1","1","0","0","0","0"
"","199993","","449379","","Kelshaun Johnson","TEXAS A&M","11","WR","5","2","2","0","10","0"
"","199998","","449402","","TK Norman","TEXAS A&M","18","WR","24","3","0","0","0","0"
"","200078","","450615","","Ja'Kayden Ferguson","ARKANSAS","05","WR","20","2","1","0","0","0"
"","200108","","456258","","Ashton Jones","BAYLOR","87","WR","15","1","0","0","0","0"
"","200109","","456260","","Jacorey Watson","BAYLOR","20","WR","13","1","2","0","9","0"
"","200110","","453267","","Taz Williams Jr.","BAYLOR","88","WR","15","1","1","0","0","0"
"","200125","","449423","","Vernell Brown III","FLORIDA","08","WR","309","7","32","10","223","3"
"","200129","","463550","","Dallas Wilson","FLORIDA","06","WR","165","4","12","3","82","0"
"","200138","","449482","","Naeshaun Montgomery","FLORIDA","00","WR","20","2","2","0","16","0"
"","200142","","466463","","DJ Miller","KENTUCKY","07","WR","96","3","8","3","46","2"
"","200153","","449183","","Joshua Moore","MIAMI FL","03","WR","139","8","11","2","41","1"
"","200155","","449195","","Malachi Toney","MIAMI FL","10","WR","415","8","53","13","436","4"
"","200158","","453555","","Daylyn Upshaw","MIAMI FL","15","WR","17","2","3","1","23","0"
"","200185","","451143","","Travis Smith Jr.","TENNESSEE","01","WR","82","5","3","0","13","1"
"","200272","","450222","","Josiah Abdullah","VIRGINIA","13","WR","37","4","2","0","17","0"
"","200282","","450315","","Isaiah Robinson","VIRGINIA","84","WR","36","4","2","1","10","0"
"","200284","","450294","","Dillon Newton-Short","VIRGINIA","15","WR","75","7","3","1","2","1"
"","200308","","449633","","Jordan Scott","MARYLAND","14","WR","39","5","1","0","4","0"
"","200319","","448818","","JonAnthony Hall","STANFORD","81","WR","10","1","0","0","0","0"
"","200323","","453253","","Liam Thorpe","STANFORD","13","WR","18","5","0","0","0","0"
"","200355","","387975","","Terrill Davis","OKLA STATE","02","WR","418","9","18","6","82","4"
"","200360","","431315","","Tre Richardson","VANDERBILT","06","WR","331","9","26","8","160","2"
"","203968","","453480","","Duke Smith","AUBURN","10","WR","1","1","0","0","0","0"
"","203991","","450572","","Trey Roberts","BYU","22","WR","25","1","0","0","0","0"
"","203997","","467597","","Reggie Frischknecht","BYU","18","WR","4","1","0","0","0","0"
"","203999","","449473","","Jaivon Solomon","DUKE","17","WR","10","2","0","0","0","0"
"","204003","","461012","","Qeanu Johnson","DUKE","21","WR","1","1","0","0","0","0"
"","204008","","449463","","Kavon Simmons","DUKE","19","WR","2","1","0","0","0","0"
"","204066","","456099","","Jackson Naeve","IOWA","83","WR","3","1","0","0","0","0"
"","204074","","455995","","Zay Robinson","IOWA STATE","13","WR","4","1","0","0","0","0"
"","204094","","455796","","Linkon Cure","KANSAS ST","00","WR","80","6","3","0","7","1"
"","204142","","456030","","Jacob Washington","MICHIGAN","84","WR","3","1","0","0","0","0"
"","204189","","468372","","Matrail Lopez","OKLA STATE","84","WR","1","1","0","0","0","0"
"","204197","","409934","","Cam Abshire","OKLA STATE","14","WR","205","9","7","1","11","3"
"","204295","","455816","","Daunte Bacheyie","SYRACUSE","19","WR","11","3","2","0","5","1"
"","204302","","455834","","Terrell Wilfong","SYRACUSE","86","WR","5","1","0","0","0","0"
"","204310","","455835","","Darien Williams","SYRACUSE","07","WR","67","4","2","2","38","0"
"","204316","","451035","","Gabe Daniels","SYRACUSE","17","WR","57","5","2","1","0","1"
"","204356","","450019","","Tristian Gentry","TEXAS TECH","21","WR","3","1","1","0","2","0"
"","204357","","450053","","Bryson Jones","TEXAS TECH","85","WR","25","3","3","1","24","0"
"","204415","","449357","","JJ Buchanan","UTAH","81","WR","315","9","15","3","39","6"
"","204484","","449490","","Muizz Tounkara","FLORIDA","14","WR","39","3","2","0","10","0"
"","204535","","465122","","Jace Brown","UCLA","89","WR","3","1","0","0","0","0"
"","204870","","448920","","Thomas Blackshear","GEORGIA","88","WR","8","1","1","0","0","1"
"","204983","","463551","","Cameron Miller","KENTUCKY","22","WR","80","4","8","2","30","2"
"","205066","","450646","","Caleb Cunningham","OLE MISS","03","WR","9","2","0","0","0","0"
"","205076","","450628","","Dillon Alfred","OLE MISS","84","WR","11","2","0","0","0","0"
"","205098","","455953","","Bull Mitchell","MISS STATE","81","WR","3","1","1","1","6","0"
"","205246","","467628","","Madrid Tucker","N CAROLINA","86","WR","81","2","8","0","2","1"
"","205247","","456250","","Shanard Clower","N CAROLINA","85","WR","50","6","11","2","75","0"
"","205342","","449396","","Jalil Hall","PURDUE","09","WR","5","1","1","0","1","0"
"","205382","","449305","","Donovan Murph","S CAROLINA","06","WR","246","9","10","5","25","0"
"","205448","","449494","","Romero Ison","USC","84","WR","1","1","0","0","0","0"
"","205454","","449491","","Tanook Hines","USC","16","WR","291","8","18","5","83","1"
"","205487","","449658","","Kayleb Barnett","VANDERBILT","81","WR","43","9","5","0","64","0"
"","205507","","458929","","Shamarius Peterkin","VA TECH","15","WR","53","4","0","0","0","0"
"","207820","","449359","","Dawson Pough","BOSTON COL","88","WR","251","8","10","5","59","1"
"","207827","","463601","","Semaj Fleming","BOSTON COL","16","WR","15","2","0","0","0","0"
"","208848","","453380","","Joakim Dodson","TENNESSEE","89","WR","45","3","2","1","3","0"
"","208851","","0","","Kai Powell","TEXAS TECH","80","WR","4","2","0","0","0","0"
"","208872","","461007","","Armoni Weaver","W VIRGINIA","25","WR","10","2","0","0","0","0"
"","210406","","449243","","Scotty Brennan","ARIZONA","81","WR","11","2","0","0","0","0"